"occurrence_no","record_type","reid_no","flags","collection_no","accepted_name","accepted_rank","accepted_no","early_interval","late_interval","max_ma","min_ma","reference_no"
"184924","occ","30185","","18126","Canis ferox","species","44840","Late Hemphillian","","10.3","4.9","52058"
"186878","occ","","","18359","Canis lepophagus","species","44856","Late Hemphillian","","10.3","4.9","3510"
"188816","occ","","","18737","Canis ferox","species","44840","Late Hemphillian","","10.3","4.9","2596"
"188870","occ","","","18745","Canis ferox","species","44840","Hemphillian","","10.3","4.9","2596"
"192135","occ","30184","","19473","Canis ferox","species","44840","Late Hemphillian","","10.3","4.9","52058"
"192926","occ","8376","","19617","Canis edwardii","species","44838","Blancan","Irvingtonian","4.9","0.3","2673"
"192927","occ","30222","","19617","Canis armbrusteri","species","44827","Blancan","Irvingtonian","4.9","0.3","52058"
"192928","occ","","","19617","Canis latrans","species","44854","Blancan","Irvingtonian","4.9","0.3","1813"
"193271","occ","8462","","19656","Canis latrans","species","44854","Blancan","","4.9","1.8","6294"
"193272","occ","30218","","19656","Canis thooides","species","301914","Blancan","","4.9","1.8","52058"
"193288","occ","8467","","19657","Canis latrans","species","44854","Blancan","","4.9","1.8","6294"
"193323","occ","8475","","19658","Canis latrans","species","44854","Blancan","","4.9","1.8","6294"
"193373","occ","8495","","19668","Canis lepophagus","species","44856","Blancan","","4.9","1.8","2673"
"193775","occ","","","19758","Canis lepophagus","species","44856","Blancan","","4.9","1.8","3567"
"193898","occ","","","19805","Canis lepophagus","species","44856","Blancan","","4.9","1.8","1069"
"193901","occ","","","19807","Canis lepophagus","species","44856","Blancan","","4.9","1.8","1069"
"193916","occ","","","19812","Canis lepophagus","species","44856","Blancan","","4.9","1.8","1069"
"193936","occ","","","19815","Canis lepophagus","species","44856","Blancan","","4.9","1.8","1069"
"193942","occ","","","19816","Canis lepophagus","species","44856","Blancan","","4.9","1.8","1069"
"193957","occ","","","19819","Canis lepophagus","species","44856","Blancan","","4.9","1.8","1069"
"193965","occ","","","19821","Canis lepophagus","species","44856","Blancan","","4.9","1.8","1069"
"193985","occ","30190","","19832","Canis ferox","species","44840","Blancan","","4.9","1.8","52058"
"193989","occ","30189","","19836","Canis ferox","species","44840","Blancan","","4.9","1.8","52058"
"193992","occ","","","19839","Canis lepophagus","species","44856","Blancan","","4.9","1.8","1069"
"194001","occ","","","19847","Canis lepophagus","species","44856","Blancan","","4.9","1.8","1069"
"194012","occ","","","19854","Canis lepophagus","species","44856","Blancan","","4.9","1.8","1069"
"194033","occ","30188","","19868","Canis ferox","species","44840","Blancan","","4.9","1.8","52058"
"194047","occ","","","19879","Canis lepophagus","species","44856","Blancan","","4.9","1.8","1069"
"194056","occ","","","19888","Canis lepophagus","species","44856","Blancan","","4.9","1.8","1069"
"194070","occ","","","19895","Canis lepophagus","species","44856","Blancan","","4.9","1.8","1069"
"194077","occ","30187","","19902","Canis ferox","species","44840","Blancan","","4.9","1.8","52058"
"194090","occ","","","19903","Canis lepophagus","species","44856","Blancan","","4.9","1.8","1069"
"194115","occ","30191","","19906","Canis ferox","species","44840","Blancan","","4.9","1.8","52058"
"194251","occ","","","19927","Canis latrans","species","44854","Blancan","","4.9","1.8","24906"
"194285","occ","8765","","19929","Canis lepophagus","species","44856","Blancan","","4.9","1.8","2673"
"194362","occ","","","19932","Canis lepophagus","species","44856","Blancan","","4.9","1.8","1905"
"194379","occ","","","19934","Canis lepophagus","species","44856","Blancan","","4.9","1.8","1894"
"194409","occ","30186","","19936","Canis ferox","species","44840","Blancan","","4.9","1.8","52058"
"194480","occ","","","19940","Canis lepophagus","species","44856","Blancan","","4.9","1.8","1070"
"194652","occ","","","19955","Canis lepophagus","species","44856","Blancan","","4.9","1.8","2673"
"194677","occ","30192","","19959","Canis ferox","species","44840","Blancan","","4.9","1.8","52058"
"194686","occ","30193","","19960","Canis ferox","species","44840","Blancan","","4.9","1.8","52058"
"194695","occ","","","19962","Canis lepophagus","species","44856","Blancan","","4.9","1.8","3512"
"194719","occ","","","19963","Canis lepophagus","species","44856","Blancan","","4.9","1.8","2518"
"194765","occ","","","19965","Canis lepophagus","species","44856","Blancan","","4.9","1.8","2886"
"194814","occ","","","19973","Canis latrans","species","44854","Blancan","","4.9","1.8","3378"
"194838","occ","","","19981","Canis lepophagus","species","44856","Blancan","","4.9","1.8","2618"
"194983","occ","","","20023","Canis lepophagus","species","44856","Blancan","","4.9","1.8","1309"
"195063","occ","","","20033","Canis lepophagus","species","44856","Blancan","","4.9","1.8","2044"
"195093","occ","","","20034","Canis lepophagus","species","44856","Blancan","","4.9","1.8","2673"
"195134","occ","30194","","20050","Canis lepophagus","species","44856","Blancan","","4.9","1.8","52058"
"195215","occ","30195","","20060","Canis lepophagus","species","44856","Blancan","","4.9","1.8","52058"
"195263","occ","","","20062","Canis lepophagus","species","44856","Blancan","","4.9","1.8","3382"
"195346","occ","9025","","20074","Canis edwardii","species","44838","Blancan","","4.9","1.8","2673"
"195542","occ","","","20112","Canis latrans","species","44854","Blancan","","4.9","1.8","1186"
"195581","occ","9093","","20115","Canis rufus","species","44879","Blancan","","4.9","1.8","6294"
"195614","occ","","","20117","Canis latrans","species","44854","Blancan","","4.9","1.8","1186"
"195688","occ","","","20120","Canis latrans","species","44854","Blancan","","4.9","1.8","1186"
"195689","occ","9122","","20120","Canis rufus","species","44879","Blancan","","4.9","1.8","6294"
"195719","occ","9130","","20121","Canis rufus","species","44879","Blancan","","4.9","1.8","6294"
"195741","occ","","","20122","Canis latrans","species","44854","Blancan","","4.9","1.8","1186"
"195865","occ","","","20126","Canis latrans","species","44854","Irvingtonian","","1.8","0.3","1186"
"195887","occ","","","20127","Canis latrans","species","44854","Irvingtonian","","1.8","0.3","1186"
"195926","occ","","","20129","Canis latrans","species","44854","Irvingtonian","","1.8","0.3","1186"
"195938","occ","","","20130","Canis latrans","species","44854","Irvingtonian","","1.8","0.3","1186"
"195952","occ","","","20134","Canis latrans","species","44854","Irvingtonian","","1.8","0.3","1186"
"195966","occ","","","20137","Canis latrans","species","44854","Irvingtonian","","1.8","0.3","3081"
"196022","occ","","","20143","Canis latrans","species","44854","Irvingtonian","","1.8","0.3","2419"
"196053","occ","9189","","20148","Canis edwardii","species","44838","Irvingtonian","","1.8","0.3","2673"
"196067","occ","","","20150","Canis latrans","species","44854","Irvingtonian","","1.8","0.3","1022"
"196068","occ","9195","","20150","Canis edwardii","species","44838","Irvingtonian","","1.8","0.3","949"
"196115","occ","","","20157","Canis latrans","species","44854","Irvingtonian","","1.8","0.3","3211"
"196213","occ","","","20166","Canis dirus","species","44837","Irvingtonian","","1.8","0.3","3081"
"196265","occ","","","20173","Canis latrans","species","44854","Irvingtonian","","1.8","0.3","2893"
"196301","occ","9235","","20178","Canis latrans","species","44854","Irvingtonian","","1.8","0.3","6294"
"196351","occ","","","20187","Canis latrans","species","44854","Irvingtonian","","1.8","0.3","2893"
"196652","occ","","","20273","Canis dirus","species","44837","Irvingtonian","","1.8","0.3","2016"
"196653","occ","","","20273","Canis latrans","species","44854","Irvingtonian","","1.8","0.3","2016"
"196697","occ","","","20280","Canis latrans","species","44854","Irvingtonian","","1.8","0.3","1817"
"196730","occ","","","20283","Canis latrans","species","44854","Irvingtonian","","1.8","0.3","2607"
"196731","occ","","","20283","Canis cedazoensis","species","44831","Irvingtonian","","1.8","0.3","2607"
"196732","occ","","","20283","Canis dirus","species","44837","Irvingtonian","","1.8","0.3","2607"
"196759","occ","","","20285","Canis dirus","species","44837","Irvingtonian","","1.8","0.3","1482"
"196760","occ","","","20285","Canis latrans","species","44854","Irvingtonian","","1.8","0.3","1482"
"196816","occ","9332","","20289","Canis armbrusteri","species","44827","Irvingtonian","","1.8","0.3","2673"
"196842","occ","","","20290","Canis latrans","species","44854","Irvingtonian","","1.8","0.3","2673"
"196843","occ","30223","","20290","Canis armbrusteri","species","44827","Irvingtonian","","1.8","0.3","52058"
"196901","occ","","","20293","Canis latrans","species","44854","Irvingtonian","","1.8","0.3","1462"
"196932","occ","9371","","20295","Canis dirus","species","44837","Irvingtonian","","1.8","0.3","6294"
"196933","occ","","","20295","Canis latrans","species","44854","Irvingtonian","","1.8","0.3","1907"
"196953","occ","9378","","20297","Canis lupus","species","44860","Irvingtonian","","1.8","0.3","2673"
"196982","occ","","","20299","Canis edwardii","species","44838","Irvingtonian","","1.8","0.3","2615"
"197002","occ","9385","","20301","Canis edwardii","species","44838","Irvingtonian","","1.8","0.3","2673"
"197033","occ","","","20302","Canis armbrusteri","species","44827","Irvingtonian","","1.8","0.3","1628"
"197034","occ","9393","","20302","Canis latrans","species","44854","Irvingtonian","","1.8","0.3","2673"
"197092","occ","","","20303","Canis edwardii","species","44838","Blancan","","4.9","1.8","2252"
"197140","occ","","","20308","Canis edwardii","species","44838","Irvingtonian","","1.8","0.3","2615"
"197268","occ","","","20319","Canis edwardii","species","44838","Irvingtonian","","1.8","0.3","2887"
"197294","occ","30196","","20322","Canis lepophagus","species","44856","Blancan","","4.9","1.8","52058"
"197327","occ","","","20323","Canis latrans","species","44854","Irvingtonian","Rancholabrean","1.8","0.012","2018"
"197352","occ","30220","","20327","Canis latrans","species","44854","Irvingtonian","","1.8","0.3","52058"
"197353","occ","30230","","20327","Canis dirus","species","44837","Irvingtonian","","1.8","0.3","52058"
"197378","occ","","","20329","Canis latrans","species","44854","Irvingtonian","","1.8","0.3","949"
"197379","occ","","","20329","Canis edwardii","species","44838","Irvingtonian","","1.8","0.3","949"
"197401","occ","","","20334","Canis edwardii","species","44838","Irvingtonian","","1.8","0.3","2615"
"197441","occ","9471","","20342","Canis latrans","species","44854","Irvingtonian","","1.8","0.3","1319"
"197442","occ","9472","","20342","Canis armbrusteri","species","44827","Irvingtonian","","1.8","0.3","1319"
"197489","occ","9491","","20346","Canis lupus","species","44860","Irvingtonian","","1.8","0.3","2673"
"197498","occ","","","20347","Canis dirus","species","44837","Irvingtonian","","1.8","0.3","1916"
"197499","occ","30221","","20347","Canis latrans","species","44854","Irvingtonian","","1.8","0.3","52058"
"197571","occ","","","20351","Canis armbrusteri","species","44827","Irvingtonian","","1.8","0.3","2615"
"197572","occ","","","20351","Canis edwardii","species","44838","Irvingtonian","","1.8","0.3","2615"
"197731","occ","30226","","20376","Canis dirus","species","44837","Irvingtonian","","1.8","0.3","52058"
"197794","occ","","","20384","Canis edwardii","species","44838","Blancan","","4.9","1.8","3580"
"197859","occ","30228","","20387","Canis dirus","species","44837","Irvingtonian","","1.8","0.3","52058"
"197860","occ","9581","","20387","Canis latrans","species","44854","Irvingtonian","","1.8","0.3","6294"
"197978","occ","","","20398","Canis dirus","species","44837","Rancholabrean","","0.3","0.012","2611"
"197990","occ","","","20400","Canis edwardii","species","44838","Irvingtonian","","1.8","0.3","1960"
"197991","occ","","","20400","Canis armbrusteri","species","44827","Irvingtonian","","1.8","0.3","1960"
"198018","occ","","","20401","Canis armbrusteri","species","44827","Irvingtonian","","1.8","0.3","1960"
"198116","occ","","","20415","Canis armbrusteri","species","44827","Irvingtonian","","1.8","0.3","2615"
"198145","occ","","","20419","Canis dirus","species","44837","Irvingtonian","Rancholabrean","1.8","0.012","2193"
"198253","occ","","","20434","Canis lupus","species","44860","Irvingtonian","","1.8","0.3","2048"
"198363","occ","","","20454","Canis latrans","species","44854","Irvingtonian","","1.8","0.3","2725"
"198476","occ","","","20477","Canis latrans","species","44854","Irvingtonian","","1.8","0.3","1022"
"198513","occ","30224","","20479","Canis armbrusteri","species","44827","Irvingtonian","","1.8","0.3","52058"
"198606","occ","","","20491","Canis latrans","species","44854","Rancholabrean","","0.3","0.012","3580"
"198607","occ","","","20491","Canis dirus","species","44837","Rancholabrean","","0.3","0.012","3580"
"198649","occ","","","20494","Canis edwardii","species","44838","Irvingtonian","","1.8","0.3","2615"
"198672","occ","9737","","20498","Canis armbrusteri","species","44827","Irvingtonian","","1.8","0.3","3083"
"198673","occ","9738","","20498","Canis latrans","species","44854","Irvingtonian","","1.8","0.3","3083"
"198688","occ","","","20499","Canis edwardii","species","44838","Irvingtonian","","1.8","0.3","2673"
"198698","occ","30227","","20500","Canis dirus","species","44837","Irvingtonian","","1.8","0.3","52058"
"198736","occ","","","20503","Canis dirus","species","44837","Irvingtonian","","1.8","0.3","2549"
"198767","occ","","","20506","Canis rufus","species","44879","Irvingtonian","","1.8","0.3","2940"
"198814","occ","","","20514","Canis latrans","species","44854","Irvingtonian","","1.8","0.3","2940"
"198872","occ","","","20520","Canis dirus","species","44837","Irvingtonian","","1.8","0.3","3567"
"198920","occ","","","20528","Canis edwardii","species","44838","Irvingtonian","","1.8","0.3","2887"
"198940","occ","","","20530","Canis latrans","species","44854","Irvingtonian","","1.8","0.3","1304"
"198941","occ","9783","","20530","Canis armbrusteri","species","44827","Irvingtonian","","1.8","0.3","6202"
"198987","occ","30219","","20536","Canis edwardii","species","44838","Irvingtonian","","1.8","0.3","52058"
"199068","occ","","","20556","Canis latrans","species","44854","Irvingtonian","","1.8","0.3","2896"
"199069","occ","","","20556","Canis lupus","species","44860","Irvingtonian","","1.8","0.3","2896"
"199085","occ","","","20558","Canis armbrusteri","species","44827","Irvingtonian","","1.8","0.3","1794"
"199126","occ","","","20559","Canis latrans","species","44854","Irvingtonian","","1.8","0.3","1022"
"199180","occ","","","20567","Canis latrans","species","44854","Irvingtonian","","1.8","0.3","3799"
"199204","occ","","","20569","Canis latrans","species","44854","Late Pleistocene","","0.126","0.0117","6225"
"199205","occ","","","20569","Canis dirus","species","44837","Late Pleistocene","","0.126","0.0117","1936"
"199271","occ","","","20572","Canis dirus","species","44837","Late Pleistocene","","0.126","0.0117","3567"
"199309","occ","","","20573","Canis dirus","species","44837","Late Pleistocene","","0.126","0.0117","3580"
"199337","occ","","","20580","Canis dirus","species","44837","Late Pleistocene","","0.126","0.0117","2673"
"199393","occ","","","20590","Canis lupus","species","44860","Late Pleistocene","","0.126","0.0117","1785"
"199413","occ","30225","","20593","Canis armbrusteri","species","44827","Late Pleistocene","","0.126","0.0117","52058"
"199428","occ","","","20594","Canis dirus","species","44837","Late Pleistocene","","0.126","0.0117","3567"
"199486","occ","","","20600","Canis dirus","species","44837","Late Pleistocene","","0.126","0.0117","2727"
"199487","occ","","","20600","Canis lupus","species","44860","Late Pleistocene","","0.126","0.0117","3498"
"199488","occ","","","20600","Canis latrans","species","44854","Late Pleistocene","","0.126","0.0117","2727"
"199610","occ","","","20612","Canis latrans","species","44854","Late Pleistocene","","0.126","0.0117","2501"
"199643","occ","","","20615","Canis lupus","species","44860","Late Pleistocene","","0.126","0.0117","1200"
"199670","occ","","","20617","Canis latrans","species","44854","Late Pleistocene","","0.126","0.0117","1766"
"199686","occ","","","20619","Canis dirus","species","44837","Late Pleistocene","","0.126","0.0117","1793"
"199687","occ","","","20619","Canis latrans","species","44854","Late Pleistocene","","0.126","0.0117","1793"
"199724","occ","","","20624","Canis dirus","species","44837","Rancholabrean","","0.3","0.012","2588"
"199750","occ","9905","","20626","Canis lupus","species","44860","Late Pleistocene","","0.126","0.0117","1785"
"199768","occ","","","20628","Canis dirus","species","44837","Late Pleistocene","","0.126","0.0117","2018"
"199827","occ","","","20635","Canis latrans","species","44854","Late Pleistocene","","0.126","0.0117","3182"
"199837","occ","","","20636","Canis dirus","species","44837","Late Pleistocene","","0.126","0.0117","3567"
"199867","occ","","","20638","Canis dirus","species","44837","Late Pleistocene","","0.126","0.0117","3567"
"199884","occ","","","20639","Canis dirus","species","44837","Late Pleistocene","","0.126","0.0117","2588"
"199912","occ","","","20641","Canis dirus","species","44837","Late Pleistocene","","0.126","0.0117","2589"
"199913","occ","","","20641","Canis latrans","species","44854","Late Pleistocene","","0.126","0.0117","2589"
"199934","occ","","","20642","Canis latrans","species","44854","Late Pleistocene","","0.126","0.0117","2018"
"199935","occ","","","20642","Canis dirus","species","44837","Late Pleistocene","","0.126","0.0117","2018"
"199948","occ","","","20644","Canis latrans","species","44854","Late Pleistocene","","0.126","0.0117","2018"
"199960","occ","","","20646","Canis latrans","species","44854","Late Pleistocene","","0.126","0.0117","2018"
"200019","occ","","","20653","Canis latrans","species","44854","Late Pleistocene","","0.126","0.0117","3567"
"212037","occ","","","21294","Canis mesomelas","species","232943","Calabrian","","1.806","0.781","4454"
"212321","occ","","","21377","Canis mesomelas","species","232943","Pliocene","Calabrian","5.333","0.781","4469"
"212356","occ","","","21399","Canis mesomelas","species","232943","Pliocene","Calabrian","5.333","0.781","4488"
"213110","occ","","","21690","Canis mesomelas","species","232943","Holocene","","0.0117","0","4792"
"213111","occ","","","21690","Canis adustus","species","232942","Holocene","","0.0117","0","4792"
"213140","occ","","","21690","Canis aureus","species","104156","Holocene","","0.0117","0","4792"
"213251","occ","","","21693","Canis mesomelas","species","232943","Holocene","","0.0117","0","4805"
"213252","occ","","","21693","Canis adustus","species","232942","Holocene","","0.0117","0","4805"
"213350","occ","","","21783","Canis mesomelas","species","232943","Piacenzian","","3.6","2.588","4847"
"213605","occ","","","21856","Canis aureus","species","104156","Pleistocene","Holocene","2.588","0","5211"
"213635","occ","","","21857","Canis aureus","species","104156","Pleistocene","Holocene","2.588","0","5212"
"213641","occ","","","21857","Canis anthus","species","233548","Pleistocene","Holocene","2.588","0","5212"
"213661","occ","","","21859","Canis aureus","species","104156","Pleistocene","Holocene","2.588","0","5212"
"213669","occ","","","21859","Canis anthus","species","233548","Pleistocene","Holocene","2.588","0","5212"
"213744","occ","","","21886","Canis aureus","species","104156","Pleistocene","","2.588","0.0117","5209"
"213948","occ","","","21907","Canis aureus","species","104156","Holocene","","0.0117","0","5221"
"214181","occ","","","21953","Canis mesomelas","species","232943","Pleistocene","","2.588","0.0117","5252"
"214225","occ","","","21961","Canis mesomelas","species","232943","Calabrian","","1.806","0.781","5261"
"218780","occ","","","22340","Canis mesomelas","species","232943","Late Pliocene","","3.6","2.588","4932"
"219129","occ","","","22489","Canis aureus","species","104156","Pleistocene","","2.588","0.0117","5619"
"219803","occ","","","22596","Canis mesomelas","species","232943","Gelasian","","2.588","1.806","5276"
"219873","occ","","","22628","Canis mesomelas","species","232943","Early Pleistocene","","2.588","0.781","5653"
"220484","occ","","","21877","Canis aureus","species","104156","Pleistocene","","2.588","0.0117","5221"
"220528","occ","","","21894","Canis familiaris","species","104153","Holocene","","0.0117","0","5210"
"220617","occ","","","21897","Canis mesomelas","species","232943","Holocene","","0.0117","0","5214"
"220690","occ","","","21915","Canis mesomelas","species","232943","Pleistocene","","2.588","0.0117","5214"
"220707","occ","","","21916","Canis mesomelas","species","232943","Pleistocene","","2.588","0.0117","5235"
"220761","occ","","","21918","Canis mesomelas","species","232943","Holocene","","0.0117","0","5234"
"220800","occ","","","21931","Canis mesomelas","species","232943","Pleistocene","","2.588","0.0117","5241"
"220896","occ","","","21948","Canis mesomelas","species","232943","Pleistocene","Holocene","2.588","0","5246"
"220973","occ","","","21950","Canis mesomelas","species","232943","Pleistocene","Holocene","2.588","0","5249"
"221007","occ","","","21951","Canis mesomelas","species","232943","Pleistocene","Holocene","2.588","0","5250"
"221048","occ","","","21954","Canis mesomelas","species","232943","Pleistocene","","2.588","0.0117","5232"
"221315","occ","","","21276","Canis mesomelas","species","232943","Middle Pleistocene","Late Pleistocene","0.781","0.0117","4430"
"221316","occ","","","21276","Canis adustus","species","232942","Middle Pleistocene","Late Pleistocene","0.781","0.0117","4430"
"221353","occ","","","21277","Canis mesomelas","species","232943","Middle Pleistocene","Late Pleistocene","0.781","0.0117","4430"
"221548","occ","","","21296","Canis mesomelas","species","232943","Calabrian","","1.806","0.781","4454"
"221577","occ","","","21302","Canis mesomelas","species","232943","Gelasian","","2.588","1.806","4454"
"224495","occ","","","21791","Canis mesomelas","species","232943","Pliocene","Calabrian","5.333","0.781","4867"
"225019","occ","","","21824","Canis mesomelas","species","232943","Early Pleistocene","","2.588","0.781","4896"
"225040","occ","","","21824","Canis mesomelas","species","232943","Early Pleistocene","","2.588","0.781","4896"
"225084","occ","","","21825","Canis mesomelas","species","232943","Pleistocene","","2.588","0.0117","4892"
"225106","occ","","","21825","Canis mesomelas","species","232943","Pleistocene","","2.588","0.0117","4892"
"225172","occ","","","21826","Canis mesomelas","species","232943","Pliocene","Pleistocene","5.333","0.0117","4868"
"225190","occ","","","21827","Canis mesomelas","species","232943","Pliocene","","5.333","2.588","4895"
"225238","occ","","","21828","Canis mesomelas","species","232943","Pleistocene","","2.588","0.0117","4888"
"225303","occ","","","21829","Canis mesomelas","species","232943","Pleistocene","","2.588","0.0117","4895"
"225604","occ","","","21865","Canis aureus","species","104156","Pleistocene","Holocene","2.588","0","5217"
"225779","occ","","","21924","Canis mesomelas","species","232943","Pleistocene","Holocene","2.588","0","5237"
"225845","occ","","","21929","Canis mesomelas","species","232943","Pleistocene","","2.588","0.0117","5238"
"226004","occ","","","21952","Canis mesomelas","species","232943","Pleistocene","Holocene","2.588","0","5251"
"226061","occ","","","21956","Canis mesomelas","species","232943","Pleistocene","","2.588","0.0117","5255"
"226177","occ","","","21960","Canis mesomelas","species","232943","Pliocene","Pleistocene","5.333","0.0117","5260"
"226230","occ","","","21963","Canis mesomelas","species","232943","Pleistocene","","2.588","0.0117","5266"
"226231","occ","","","21963","Canis adustus","species","232942","Pleistocene","","2.588","0.0117","5266"
"228087","occ","","","22334","Canis mesomelas","species","232943","Pliocene","Pleistocene","5.333","0.0117","4885"
"228331","occ","","","22340","Canis adustus","species","232942","Late Pliocene","","3.6","2.588","4932"
"339309","occ","","","32051","Canis mesomelas","species","232943","Early Pleistocene","","2.588","0.781","10211"
"339335","occ","","","32052","Canis aureus","species","104156","Late Pliocene","","3.6","2.588","5595"
"358468","occ","11022","","34102","Canis lupus","species","44860","Pleistocene","","2.588","0.0117","10946"
"358553","occ","11023","","34104","Canis lupus","species","44860","Pleistocene","","2.588","0.0117","10946"
"361746","occ","13597","","34269","Canis latrans","species","44854","Late Pleistocene","","0.126","0.0117","14678"
"361891","occ","","","34287","Canis adustus","species","232942","Pleistocene","","2.588","0.0117","9013"
"362182","occ","","","34329","Canis adustus","species","232942","Pleistocene","","2.588","0.0117","9013"
"362197","occ","","","34330","Canis adustus","species","232942","Middle Pleistocene","","0.781","0.126","9013"
"367573","occ","","","34766","Canis lupus","species","44860","Early Pleistocene","","2.588","0.781","9135"
"367725","occ","","","34784","Canis apolloniensis","species","55004","Early Pleistocene","","2.588","0.781","9136"
"367963","occ","","","34808","Canis lupus","species","44860","Early Pleistocene","Middle Pleistocene","2.588","0.126","9135"
"369203","occ","","","34926","Canis lupus","species","44860","Middle Pleistocene","","0.781","0.126","9345"
"369226","occ","","","34927","Canis lupus","species","44860","Middle Pleistocene","","0.781","0.126","9345"
"374162","occ","","","35369","Canis lupus","species","44860","Villanyian","","3.2","2.588","9534"
"375514","occ","","","35442","Canis lupus","species","44860","Early Pleistocene","","2.588","0.781","9534"
"379666","occ","","","35907","Canis lupus","species","44860","Early Pleistocene","Middle Pleistocene","2.588","0.126","9643"
"380822","occ","","","36134","Canis lupus","species","44860","Middle Pleistocene","","0.781","0.126","9695"
"381189","occ","","","36206","Canis lupus","species","44860","Middle Pleistocene","","0.781","0.126","9643"
"381231","occ","","","22728","Canis lupus","species","44860","Pleistocene","","2.588","0.0117","9643"
"381395","occ","","","36214","Canis lupus","species","44860","Middle Pleistocene","","0.781","0.126","9643"
"381462","occ","","","36219","Canis lupus","species","44860","Middle Pleistocene","","0.781","0.126","9643"
"381496","occ","","","36220","Canis lupus","species","44860","Middle Pleistocene","","0.781","0.126","9643"
"382572","occ","","","36376","Canis familiaris","species","104153","Quaternary","","2.588","0","9756"
"398243","occ","","","13066","Canis lupus","species","44860","Pleistocene","","2.588","0.0117","10274"
"408440","occ","","","39314","Canis lupus","species","44860","Pleistocene","","2.588","0.0117","10617"
"408441","occ","","","39314","Canis aureus","species","104156","Pleistocene","","2.588","0.0117","10617"
"415526","occ","","","40266","Canis lupus","species","44860","Early Pleistocene","","2.588","0.781","10889"
"417541","occ","","","40497","Canis lupus","species","44860","Middle Pleistocene","Late Pleistocene","0.781","0.0117","10916"
"420015","occ","11528","","40808","Canis lupus","species","44860","Middle Pleistocene","","0.781","0.126","11465"
"439011","occ","","","42866","Canis aureus","species","104156","Middle Pleistocene","","0.781","0.126","11378"
"440026","occ","","","43008","Canis lupus","species","44860","Middle Pleistocene","","0.781","0.126","11397"
"440029","occ","","","43008","Canis aureus","species","104156","Middle Pleistocene","","0.781","0.126","11397"
"442555","occ","","","43618","Canis lupus","species","44860","Middle Pleistocene","Late Pleistocene","0.781","0.0117","11457"
"442574","occ","","","43619","Canis lupus","species","44860","Late Pleistocene","","0.126","0.0117","11457"
"442635","occ","","","43629","Canis lupus","species","44860","Late Pleistocene","","0.126","0.0117","11457"
"442664","occ","","","43630","Canis lupus","species","44860","Late Pleistocene","","0.126","0.0117","11457"
"442682","occ","","","43631","Canis lupus","species","44860","Late Pleistocene","","0.126","0.0117","11457"
"442712","occ","","","43632","Canis lupus","species","44860","Late Pleistocene","","0.126","0.0117","11457"
"442908","occ","","","43644","Canis lupus","species","44860","Early Pleistocene","","2.588","0.781","11465"
"443152","occ","","","43649","Canis lupus","species","44860","Middle Pleistocene","","0.781","0.126","11465"
"443180","occ","","","43650","Canis lupus","species","44860","Middle Pleistocene","","0.781","0.126","11465"
"443190","occ","","","43651","Canis lupus","species","44860","Middle Pleistocene","","0.781","0.126","11465"
"443238","occ","","","43653","Canis lupus","species","44860","Middle Pleistocene","","0.781","0.126","11465"
"443254","occ","","","43654","Canis lupus","species","44860","Middle Pleistocene","","0.781","0.126","11465"
"443315","occ","","","43656","Canis lupus","species","44860","Pleistocene","","2.588","0.0117","11465"
"443400","occ","","","43664","Canis lupus","species","44860","Middle Pleistocene","","0.781","0.126","11465"
"443582","occ","","","43689","Canis lupus","species","44860","Late Pleistocene","","0.126","0.0117","11465"
"443685","occ","","","43699","Canis lupus","species","44860","Middle Pleistocene","","0.781","0.126","11465"
"443733","occ","","","43702","Canis lupus","species","44860","Middle Pleistocene","Late Pleistocene","0.781","0.0117","11465"
"447654","occ","","","44090","Canis lupus","species","44860","Middle Pleistocene","","0.781","0.126","11572"
"447692","occ","","","44091","Canis lupus","species","44860","Pleistocene","","2.588","0.0117","11575"
"485282","occ","","","48587","Canis lupus","species","44860","Late Pleistocene","","0.126","0.0117","12964"
"488520","occ","","","49089","Canis lupus","species","44860","Middle Pleistocene","","0.781","0.126","13054"
"493158","occ","","","49814","Canis lupus","species","44860","Middle Pleistocene","","0.781","0.126","13378"
"493203","occ","","","49816","Canis lupus","species","44860","Middle Pleistocene","","0.781","0.126","13380"
"494704","occ","","","49999","Canis lupus","species","44860","Middle Pleistocene","","0.781","0.126","13430"
"497012","occ","","","50196","Canis lupus","species","44860","Middle Pleistocene","","0.781","0.126","9643"
"497081","occ","","","50198","Canis lupus","species","44860","Middle Pleistocene","","0.781","0.126","9643"
"497120","occ","","","50199","Canis lupus","species","44860","Middle Pleistocene","","0.781","0.126","9643"
"497444","occ","","","50242","Canis lupus","species","44860","Pleistocene","","2.588","0.0117","9643"
"497510","occ","","","50249","Canis lupus","species","44860","Middle Pleistocene","","0.781","0.126","9643"
"497635","occ","","","50258","Canis lupus","species","44860","Middle Pleistocene","","0.781","0.126","9643"
"497675","occ","","","50259","Canis lupus","species","44860","Middle Pleistocene","","0.781","0.126","9643"
"498812","occ","13073","","50342","Canis lupus","species","44860","Early Pleistocene","","2.588","0.781","13519"
"502572","occ","","","51100","Canis lupus","species","44860","Middle Pleistocene","","0.781","0.126","13623"
"536650","occ","","","55533","Canis lupus","species","44860","Holocene","","0.0117","0","14999"
"565629","occ","","","59150","Canis lupus","species","44860","Holocene","","0.0117","0","16894"
"583571","occ","","","21695","Canis mesomelas","species","232943","Pleistocene","","2.588","0.0117","17685"
"597517","occ","","","63338","Pseudalopex gymnocercus","species","83739","Holocene","","0.0117","0","23893"
"610349","occ","","","65405","Canis dirus","species","44837","Pleistocene","","2.588","0.0117","18853"
"623887","occ","","","20495","Canis dirus","species","44837","Rancholabrean","","0.3","0.012","19165"
"654796","occ","","","70673","Canis dirus","species","44837","Early Pleistocene","","2.588","0.781","19694"
"654798","occ","","","70673","Pseudalopex gymnocercus","species","83739","Early Pleistocene","","2.588","0.781","19694"
"658992","occ","","","71060","Canis lupus","species","44860","Early Pleistocene","","2.588","0.781","23807"
"661478","occ","","","71263","Canis latrans","species","44854","Late Pleistocene","Holocene","0.126","0","24053"
"661593","occ","","","71277","Canis dirus","species","44837","Late Pleistocene","","0.126","0.0117","23923"
"661651","occ","","","71286","Pseudalopex gymnocercus","species","83739","Lujanian","","0.781","0.012","24012"
"661802","occ","","","71303","Pseudalopex gymnocercus","species","83739","Lujanian","","0.781","0.012","24010"
"661877","occ","","","71308","Canis latrans","species","44854","Late Pleistocene","","0.126","0.0117","24035"
"662059","occ","","","71329","Canis familiaris","species","104153","Holocene","","0.0117","0","24000"
"662216","occ","","","71345","Canis dirus","species","44837","Late Pleistocene","","0.126","0.0117","24078"
"662240","occ","21913","","71346","Canis dirus","species","44837","Late Pleistocene","","0.126","0.0117","2195"
"662312","occ","","","71349","Canis familiaris","species","104153","Holocene","","0.0117","0","24088"
"683956","occ","","","73752","Canis latrans","species","44854","Late Pleistocene","","0.126","0.0117","2588"
"683957","occ","","","73752","Canis dirus","species","44837","Late Pleistocene","","0.126","0.0117","2588"
"684223","occ","","","73761","Canis lupus","species","44860","Middle Pleistocene","","0.781","0.126","24726"
"689842","occ","","","74141","Canis dirus","species","44837","Late Pleistocene","","0.126","0.0117","24884"
"690439","occ","","","74240","Canis dirus","species","44837","Pleistocene","","2.588","0.0117","24936"
"691250","occ","","","74474","Canis latrans","species","44854","Holocene","","0.0117","0","1326"
"696742","occ","","","74953","Canis latrans","species","44854","Late Pleistocene","","0.126","0.0117","25288"
"709222","occ","","","75995","Canis dirus","species","44837","Late Pleistocene","","0.126","0.0117","25717"
"709947","occ","","","76059","Canis latrans","species","44854","Late Pleistocene","","0.126","0.0117","25748"
"709948","occ","","","76059","Canis dirus","species","44837","Late Pleistocene","","0.126","0.0117","25748"
"713685","occ","","","76530","Canis lupus","species","44860","Late Pliocene","","3.6","2.588","24838"
"732488","occ","","","63515","Canis dirus","species","44837","Late Pleistocene","","0.126","0.0117","26437"
"740001","occ","","","79548","Canis lupus","species","44860","Late Pleistocene","","0.126","0.0117","26697"
"740235","occ","","","79581","Canis dirus","species","44837","Late Pleistocene","","0.126","0.0117","26708"
"740244","occ","","","79582","Canis latrans","species","44854","Late Pleistocene","","0.126","0.0117","26708"
"740260","occ","","","79584","Canis latrans","species","44854","Holocene","","0.0117","0","26708"
"740510","occ","","","79630","Canis dirus","species","44837","Pleistocene","","2.588","0.0117","26738"
"740511","occ","","","79630","Canis latrans","species","44854","Pleistocene","","2.588","0.0117","26738"
"740981","occ","","","79683","Canis latrans","species","44854","Late Pleistocene","","0.126","0.0117","26776"
"740982","occ","","","79683","Canis dirus","species","44837","Late Pleistocene","","0.126","0.0117","26776"
"745056","occ","","","79918","Canis dirus","species","44837","Rancholabrean","","0.3","0.012","26822"
"745057","occ","","","79757","Canis dirus","species","44837","Rancholabrean","","0.3","0.012","26822"
"745058","occ","22618","","79919","Canis armbrusteri","species","44827","Irvingtonian","","1.8","0.3","31468"
"776506","occ","","","83304","Canis aureus","species","104156","Holocene","","0.0117","0","27974"
"789151","occ","","","85314","Canis dirus","species","44837","Rancholabrean","","0.3","0.012","28773"
"798179","occ","","","86852","Canis rufus","species","44879","Pleistocene","","2.588","0.0117","29235"
"819173","occ","","","90036","Canis lupus","species","44860","Late Pleistocene","","0.126","0.0117","30172"
"834584","occ","","","92732","Canis familiaris","species","104153","Holocene","","0.0117","0","31261"
"835238","occ","","","92733","Canis familiaris","species","104153","Holocene","","0.0117","0","31261"
"836034","occ","","","92787","Canis lupus","species","44860","Late Pleistocene","","0.126","0.0117","31309"
"838769","occ","","","93103","Canis latrans","species","44854","Late Pleistocene","","0.126","0.0117","3185"
"838770","occ","","","93103","Canis dirus","species","44837","Late Pleistocene","","0.126","0.0117","3185"
"839053","occ","","","93141","Canis latrans","species","44854","Late Pleistocene","","0.126","0.0117","31472"
"839054","occ","","","93141","Canis lupus","species","44860","Late Pleistocene","","0.126","0.0117","31472"
"839964","occ","22635","","93181","Canis dirus","species","44837","Late Pleistocene","","0.126","0.0117","3553"
"839965","occ","","","93181","Canis latrans","species","44854","Late Pleistocene","","0.126","0.0117","31486"
"839986","occ","","","93181","Canis lupus","species","44860","Late Pleistocene","","0.126","0.0117","3553"
"840114","occ","","","93182","Canis latrans","species","44854","Late Pleistocene","","0.126","0.0117","31487"
"840115","occ","","","93182","Canis lupus","species","44860","Late Pleistocene","","0.126","0.0117","31487"
"841210","occ","","","93251","Canis dirus","species","44837","Late Pleistocene","","0.126","0.0117","31525"
"841211","occ","","","93251","Canis lupus","species","44860","Late Pleistocene","","0.126","0.0117","31525"
"841212","occ","","","93251","Canis latrans","species","44854","Late Pleistocene","","0.126","0.0117","31525"
"841247","occ","","","93257","Canis dirus","species","44837","Pleistocene","","2.588","0.0117","31531"
"841442","occ","","","93281","Canis latrans","species","44854","Late Pleistocene","","0.126","0.0117","31547"
"841443","occ","","","93281","Canis latrans","species","44854","Late Pleistocene","","0.126","0.0117","31547"
"841444","occ","","","93281","Canis lupus","species","44860","Late Pleistocene","","0.126","0.0117","31547"
"841539","occ","","","93277","Canis lupus","species","44860","Late Pleistocene","","0.126","0.0117","31561"
"841709","occ","","","93326","Canis latrans","species","44854","Late Pleistocene","Holocene","0.126","0","31567"
"841710","occ","","","93326","Canis lupus","species","44860","Late Pleistocene","Holocene","0.126","0","31567"
"841734","occ","","","93329","Canis lupus","species","44860","Late Pleistocene","","0.126","0.0117","31573"
"841748","occ","","","93333","Canis latrans","species","44854","Late Pleistocene","","0.126","0.0117","31579"
"841749","occ","","","93333","Canis lupus","species","44860","Late Pleistocene","","0.126","0.0117","31579"
"841784","occ","","","93345","Canis latrans","species","44854","Late Pleistocene","Holocene","0.126","0","31584"
"841978","occ","","","93376","Canis lupus","species","44860","Late Pleistocene","Holocene","0.126","0","31597"
"841995","occ","","","93379","Canis latrans","species","44854","Late Pleistocene","","0.126","0.0117","31599"
"841996","occ","","","93379","Canis dirus","species","44837","Late Pleistocene","","0.126","0.0117","31599"
"842581","occ","","","93528","Canis latrans","species","44854","Late Pleistocene","","0.126","0.0117","31647"
"847926","occ","","","94328","Canis lupus","species","44860","Early Pleistocene","Late Pleistocene","2.588","0.0117","32076"
"874990","occ","","","96973","Canis mesomelas","species","232943","Holocene","","0.0117","0","33119"
"875018","occ","","","96974","Canis mesomelas","species","232943","Late Pleistocene","","0.126","0.0117","33119"
"906500","occ","","","101897","Canis lupus","species","44860","Late Pleistocene","","0.126","0.0117","34644"
"906526","occ","","","101898","Canis lupus","species","44860","Late Pleistocene","","0.126","0.0117","34644"
"906585","occ","","","101899","Canis lupus","species","44860","Late Pleistocene","","0.126","0.0117","34644"
"915284","occ","","","103991","Canis dirus","species","44837","Late Pleistocene","","0.126","0.0117","35027"
"915704","occ","","","104758","Canis dirus","species","44837","Late Pleistocene","","0.126","0.0117","34884"
"915925","occ","","","104797","Canis dirus","species","44837","Late Pleistocene","","0.126","0.0117","35005"
"919339","occ","","","104664","Canis latrans","species","44854","Late Pleistocene","","0.126","0.0117","1461"
"919358","occ","","","104667","Canis familiaris","species","104153","Holocene","","0.0117","0","41131"
"919450","occ","","","104675","Canis familiaris","species","104153","Holocene","","0.0117","0","1461"
"919540","occ","","","104689","Canis lupus","species","44860","Late Pleistocene","Holocene","0.126","0","1461"
"934378","occ","","","82258","Canis lupus","species","44860","Late Pleistocene","","0.126","0.0117","35381"
"935492","occ","","","82530","Canis lupus","species","44860","Late Pleistocene","","0.126","0.0117","35842"
"938097","occ","","","102954","Canis lupus","species","44860","Late Pleistocene","Holocene","0.126","0","35949"
"970676","occ","","","21709","Canis mesomelas","species","232943","Late Pleistocene","","0.126","0.0117","37298"
"970759","occ","","","21711","Canis mesomelas","species","232943","Pleistocene","Holocene","2.588","0","37298"
"970808","occ","","","21931","Canis mesomelas","species","232943","Pleistocene","","2.588","0.0117","37298"
"970821","occ","","","115167","Canis mesomelas","species","232943","Late Pleistocene","","0.126","0.0117","37301"
"970910","occ","","","115184","Canis mesomelas","species","232943","Late Pleistocene","","0.126","0.0117","37303"
"970959","occ","","","115188","Canis mesomelas","species","232943","Middle Pleistocene","","0.781","0.126","37305"
"971090","occ","","","115205","Canis mesomelas","species","232943","Pleistocene","","2.588","0.0117","37314"
"973715","occ","","","93828","Canis lupus","species","44860","Late Pleistocene","","0.126","0.0117","37407"
"1003082","occ","","","122115","Canis familiaris","species","104153","Holocene","","0.0117","0","38884"
"1028841","occ","","","93332","Canis latrans","species","44854","Late Pleistocene","","0.126","0.0117","40141"
"1028842","occ","","","93332","Canis dirus","species","44837","Late Pleistocene","","0.126","0.0117","40141"
"1033798","occ","","","93332","Canis dirus","species","44837","Late Pleistocene","","0.126","0.0117","40654"
"1033799","occ","","","93332","Canis latrans","species","44854","Late Pleistocene","","0.126","0.0117","40654"
"1034153","occ","","","20302","Canis armbrusteri","species","44827","Irvingtonian","","1.8","0.3","39868"
"1034197","occ","","","20302","Canis rufus","species","44879","Irvingtonian","","1.8","0.3","41080"
"1106774","occ","","","115191","Canis mesomelas","species","232943","Pleistocene","","2.588","0.0117","45190"
"1118503","occ","","","142016","Canis proplatensis","species","264379","Early Pleistocene","","2.588","0.781","46109"
"1137413","occ","","","144976","Canis dirus","species","44837","Late Pleistocene","","0.126","0.0117","46836"
"1140905","occ","","","145366","Canis dirus","species","44837","Late Pleistocene","","0.126","0.0117","46993"
"1185081","occ","","","152904","Canis armbrusteri","species","44827","Pleistocene","","2.588","0.0117","49269"
"1186496","occ","","","150336","Canis dirus","species","44837","Rancholabrean","","0.3","0.012","48793"
"1186497","occ","","","150336","Canis lupus","species","44860","Rancholabrean","","0.3","0.012","48793"
"1186498","occ","","","150336","Canis lupus","species","44860","Rancholabrean","","0.3","0.012","48793"
"1186499","occ","","","150336","Canis latrans","species","44854","Rancholabrean","","0.3","0.012","48793"
"1186500","occ","","","150336","Canis latrans","species","44854","Rancholabrean","","0.3","0.012","48793"
"1196134","occ","","","154722","Canis latrans","species","44854","Late Pleistocene","","0.126","0.0117","50316"
"1196135","occ","","","154722","Canis dirus","species","44837","Late Pleistocene","","0.126","0.0117","50316"
"1196392","occ","","","154771","Canis dirus","species","44837","Late Pleistocene","","0.126","0.0117","50335"
"1196393","occ","","","154771","Canis latrans","species","44854","Late Pleistocene","","0.126","0.0117","50335"
"1196494","occ","","","34269","Canis dirus","species","44837","Late Pleistocene","","0.126","0.0117","50338"
"1196538","occ","","","74292","Canis latrans","species","44854","Late Pleistocene","","0.126","0.0117","50339"
"1196539","occ","","","74292","Canis lupus","species","44860","Late Pleistocene","","0.126","0.0117","50339"
"1196540","occ","","","74292","Canis dirus","species","44837","Late Pleistocene","","0.126","0.0117","50339"
"1196892","occ","","","154804","Canis dirus","species","44837","Late Pleistocene","","0.126","0.0117","50371"
"1196936","occ","","","154805","Canis dirus","species","44837","Late Pleistocene","","0.126","0.0117","2451"
"1196937","occ","","","154805","Canis rufus","species","44879","Late Pleistocene","","0.126","0.0117","2451"
"1196938","occ","","","154805","Canis familiaris","species","104153","Late Pleistocene","","0.126","0.0117","2451"
"1197787","occ","","","154910","Canis dirus","species","44837","Late Pleistocene","","0.126","0.0117","50427"
"1197870","occ","","","154921","Canis lupus","species","44860","Late Pleistocene","","0.126","0.0117","50430"
"1201173","occ","","","155393","Canis dirus","species","44837","Late Pleistocene","","0.126","0.0117","50711"
"1201221","occ","","","155393","Canis latrans","species","44854","Late Pleistocene","","0.126","0.0117","50713"
"1201222","occ","","","155393","Canis lupus","species","44860","Late Pleistocene","","0.126","0.0117","50713"
"1201310","occ","","","155409","Canis dirus","species","44837","Late Pleistocene","","0.126","0.0117","50720"
"1201311","occ","","","155409","Canis latrans","species","44854","Late Pleistocene","","0.126","0.0117","50720"
"1217418","occ","","","18304","Canis ferox","species","44840","Hemphillian","","10.3","4.9","52058"
"1217419","occ","","","19612","Canis ferox","species","44840","Late Hemphillian","","10.3","4.9","52058"
"1217420","occ","","","19514","Canis ferox","species","44840","Late Hemphillian","","10.3","4.9","52058"
"1217421","occ","","","18755","Canis ferox","species","44840","Late Hemphillian","","10.3","4.9","52058"
"1217422","occ","","","19925","Canis ferox","species","44840","Blancan","","4.9","1.8","52058"
"1217423","occ","","","19954","Canis lepophagus","species","44856","Blancan","","4.9","1.8","52058"
"1217424","occ","","","19914","Canis lepophagus","species","44856","Blancan","","4.9","1.8","52058"
"1217425","occ","","","79621","Canis lepophagus","species","44856","Late Pleistocene","","0.126","0.0117","52058"
"1220316","occ","","","20033","Canis edwardii","species","44838","Blancan","","4.9","1.8","52058"
"1220317","occ","","","19963","Canis edwardii","species","44838","Blancan","","4.9","1.8","52058"
"1220325","occ","","","19954","Canis edwardii","species","44838","Blancan","","4.9","1.8","52058"
"1220326","occ","","","19751","Canis edwardii","species","44838","Blancan","","4.9","1.8","52058"
"1220328","occ","","","159674","Canis edwardii","species","44838","Irvingtonian","","1.8","0.3","52058"
"1220329","occ","","","159675","Canis edwardii","species","44838","Irvingtonian","","1.8","0.3","52058"
"1220330","occ","","","159676","Canis edwardii","species","44838","Irvingtonian","","1.8","0.3","52058"
"1220333","occ","","","159677","Canis edwardii","species","44838","Irvingtonian","","1.8","0.3","52058"
"1220334","occ","","","159678","Canis edwardii","species","44838","Irvingtonian","","1.8","0.3","52058"
"1220335","occ","","","159679","Canis edwardii","species","44838","Irvingtonian","","1.8","0.3","52058"
"1220336","occ","","","20342","Canis edwardii","species","44838","Irvingtonian","","1.8","0.3","52058"
"1220337","occ","","","18500","Canis edwardii","species","44838","Miocene","","23.03","5.333","52058"
"1220339","occ","","","20322","Canis edwardii","species","44838","Blancan","","4.9","1.8","52058"
"1220340","occ","","","159680","Canis latrans","species","44854","Irvingtonian","","1.8","0.3","52058"
"1220342","occ","","","20532","Canis latrans","species","44854","Irvingtonian","","1.8","0.3","52058"
"1220343","occ","","","152653","Canis latrans","species","44854","Pleistocene","","2.588","0.0117","52058"
"1220344","occ","","","20537","Canis armbrusteri","species","44827","Irvingtonian","","1.8","0.3","52058"
"1220345","occ","","","20500","Canis latrans","species","44854","Irvingtonian","","1.8","0.3","52058"
"1220346","occ","","","20501","Canis latrans","species","44854","Irvingtonian","","1.8","0.3","52058"
"1220347","occ","","","20501","Canis dirus","species","44837","Irvingtonian","","1.8","0.3","52058"
"1220348","occ","","","20138","Canis dirus","species","44837","Irvingtonian","","1.8","0.3","52058"
"1230888","occ","","","162014","Canis lupus","species","44860","Holocene","","0.0117","0","52776"
"1231936","occ","","","162133","Canis latrans","species","44854","Holocene","","0.0117","0","52801"
"1231937","occ","","","162133","Canis familiaris","species","104153","Holocene","","0.0117","0","52801"
"1234807","occ","","","162545","Canis familiaris","species","104153","Holocene","","0.0117","0","52940"
"1310775","occ","","","175940","Canis lupus","species","44860","Holocene","","0.0117","0","57682"
"1310781","occ","","","175940","Canis familiaris","species","104153","Holocene","","0.0117","0","57682"
"1310790","occ","","","175941","Canis familiaris","species","104153","Holocene","","0.0117","0","57683"
"1310800","occ","","","175942","Canis familiaris","species","104153","Holocene","","0.0117","0","57683"
"1314668","occ","","","176411","Canis familiaris","species","104153","Holocene","","0.0117","0","58039"
"1315351","occ","","","122450","Canis lupus","species","44860","Holocene","","0.0117","0","58111"
"1350564","occ","","","183123","Canis lupus","species","44860","Pleistocene","","2.588","0.0117","61122"
"1356828","occ","","","184245","Canis lupus","species","44860","Late Pleistocene","","0.126","0.0117","61580"
"1372387","occ","","","104698","Canis armbrusteri","species","44827","Calabrian","","1.806","0.781","62831"
"1374964","occ","","","187755","Canis familiaris","species","104153","Holocene","","0.0117","0","63022"
