"occurrence_no","record_type","reid_no","flags","collection_no","accepted_name","accepted_rank","accepted_no","early_interval","late_interval","max_ma","min_ma","reference_no"
"185469","occ","","","18201","Canis","genus","41198","Hemphillian","","9.4","4.7","3510"
"186572","occ","","","18320","Canis","genus","41198","Late Hemphillian","Blancan","9.4","1.4","6086"
"186878","occ","","","18359","Canis lepophagus","species","44856","Late Hemphillian","","9.4","4.7","3510"
"189693","occ","","","18900","Canis","genus","41198","Hemphillian","","9.4","4.7","2886"
"192926","occ","8376","","19617","Canis edwardii","species","44838","Irvingtonian","","1.4","0.21","2673"
"192927","occ","30222","","19617","Canis armbrusteri","species","44827","Irvingtonian","","1.4","0.21","52058"
"192928","occ","","","19617","Canis latrans","species","44854","Irvingtonian","","1.4","0.21","1813"
"193271","occ","8462","","19656","Canis latrans","species","44854","Blancan","","4.7","1.4","6294"
"193272","occ","30218","","19656","Canis thooides","species","301914","Blancan","","4.7","1.4","52058"
"193288","occ","8467","","19657","Canis latrans","species","44854","Blancan","","4.7","1.4","6294"
"193323","occ","8475","","19658","Canis latrans","species","44854","Blancan","","4.7","1.4","6294"
"193373","occ","8495","","19668","Canis lepophagus","species","44856","Blancan","","4.7","1.4","2673"
"193775","occ","","","19758","Canis lepophagus","species","44856","Gelasian","","2.58","1.8","3567"
"193898","occ","","","19805","Canis lepophagus","species","44856","Blancan","","4.7","1.4","1069"
"193901","occ","","","19807","Canis lepophagus","species","44856","Blancan","","4.7","1.4","1069"
"193916","occ","","","19812","Canis lepophagus","species","44856","Blancan","","4.7","1.4","1069"
"193936","occ","","","19815","Canis lepophagus","species","44856","Blancan","","4.7","1.4","1069"
"193942","occ","","","19816","Canis lepophagus","species","44856","Blancan","","4.7","1.4","1069"
"193957","occ","","","19819","Canis lepophagus","species","44856","Blancan","","4.7","1.4","1069"
"193965","occ","","","19821","Canis lepophagus","species","44856","Blancan","","4.7","1.4","1069"
"193992","occ","","","19839","Canis lepophagus","species","44856","Blancan","","4.7","1.4","1069"
"194001","occ","","","19847","Canis lepophagus","species","44856","Blancan","","4.7","1.4","1069"
"194012","occ","","","19854","Canis lepophagus","species","44856","Blancan","","4.7","1.4","1069"
"194047","occ","","","19879","Canis lepophagus","species","44856","Blancan","","4.7","1.4","1069"
"194056","occ","","","19888","Canis lepophagus","species","44856","Blancan","","4.7","1.4","1069"
"194070","occ","","","19895","Canis lepophagus","species","44856","Blancan","","4.7","1.4","1069"
"194090","occ","","","19903","Canis lepophagus","species","44856","Blancan","","4.7","1.4","1069"
"194215","occ","","","19921","Canis","genus","41198","Blancan","","4.7","1.4","1814"
"194251","occ","","","19927","Canis latrans","species","44854","Gelasian","","2.58","1.8","24906"
"194285","occ","8765","","19929","Canis lepophagus","species","44856","Blancan","","4.7","1.4","2673"
"194362","occ","","","19932","Canis lepophagus","species","44856","Blancan","","4.7","1.4","1905"
"194379","occ","","","19934","Canis lepophagus","species","44856","Blancan","","4.7","1.4","1894"
"194480","occ","","","19940","Canis lepophagus","species","44856","Blancan","","4.7","1.4","1070"
"194652","occ","","","19955","Canis lepophagus","species","44856","Blancan","","4.7","1.4","2673"
"194695","occ","","","19962","Canis lepophagus","species","44856","Blancan","","4.7","1.4","3512"
"194719","occ","","","19963","Canis lepophagus","species","44856","Blancan","","4.7","1.4","2518"
"194765","occ","","","19965","Canis lepophagus","species","44856","Blancan","","4.7","1.4","2886"
"194814","occ","","","19973","Canis latrans","species","44854","Blancan","","4.7","1.4","3378"
"194838","occ","","","19981","Canis lepophagus","species","44856","Blancan","","4.7","1.4","2618"
"194983","occ","36486","","20023","Canis lepophagus","species","44856","Blancan","","4.7","1.4","1309"
"195063","occ","","","20033","Canis lepophagus","species","44856","Blancan","","4.7","1.4","2044"
"195093","occ","","","20034","Canis lepophagus","species","44856","Blancan","","4.7","1.4","2673"
"195134","occ","30194","","20050","Canis lepophagus","species","44856","Blancan","","4.7","1.4","52058"
"195215","occ","30195","","20060","Canis lepophagus","species","44856","Blancan","","4.7","1.4","52058"
"195263","occ","","","20062","Canis lepophagus","species","44856","Blancan","","4.7","1.4","3382"
"195264","occ","","","20062","Canis","genus","41198","Blancan","","4.7","1.4","2625"
"195346","occ","9025","","20074","Canis edwardii","species","44838","Blancan","","4.7","1.4","2673"
"195481","occ","","","20105","Canis","genus","41198","Blancan","","4.7","1.4","1186"
"195542","occ","","","20112","Canis latrans","species","44854","Blancan","","4.7","1.4","1186"
"195555","occ","","","20113","Canis","genus","41198","Blancan","","4.7","1.4","1186"
"195581","occ","9093","","20115","Canis rufus","species","44879","Blancan","","4.7","1.4","6294"
"195613","occ","","","20117","Canis","genus","41198","Blancan","","4.7","1.4","1186"
"195614","occ","","","20117","Canis latrans","species","44854","Blancan","","4.7","1.4","1186"
"195688","occ","","","20120","Canis latrans","species","44854","Blancan","","4.7","1.4","1186"
"195689","occ","9122","","20120","Canis rufus","species","44879","Blancan","","4.7","1.4","6294"
"195718","occ","","","20121","Canis","genus","41198","Blancan","","4.7","1.4","1186"
"195719","occ","9130","","20121","Canis rufus","species","44879","Blancan","","4.7","1.4","6294"
"195740","occ","","","20122","Canis","genus","41198","Blancan","","4.7","1.4","1186"
"195741","occ","","","20122","Canis latrans","species","44854","Blancan","","4.7","1.4","1186"
"195777","occ","","","20123","Canis","genus","41198","Irvingtonian","","1.4","0.21","1186"
"195865","occ","","","20126","Canis latrans","species","44854","Irvingtonian","","1.4","0.21","1186"
"195887","occ","","","20127","Canis latrans","species","44854","Irvingtonian","","1.4","0.21","1186"
"195926","occ","","","20129","Canis latrans","species","44854","Irvingtonian","","1.4","0.21","1186"
"195938","occ","","","20130","Canis latrans","species","44854","Irvingtonian","","1.4","0.21","1186"
"195952","occ","","","20134","Canis latrans","species","44854","Irvingtonian","","1.4","0.21","1186"
"195966","occ","","","20137","Canis latrans","species","44854","Irvingtonian","","1.4","0.21","3081"
"196022","occ","","","20143","Canis latrans","species","44854","Irvingtonian","","1.4","0.21","2419"
"196023","occ","9183","","20143","Canis","genus","41198","Irvingtonian","","1.4","0.21","2673"
"196053","occ","9189","","20148","Canis edwardii","species","44838","Irvingtonian","","1.4","0.21","2673"
"196067","occ","","","20150","Canis latrans","species","44854","Irvingtonian","","1.4","0.21","1022"
"196068","occ","9195","","20150","Canis edwardii","species","44838","Irvingtonian","","1.4","0.21","949"
"196069","occ","","","20150","Canis","genus","41198","Irvingtonian","","1.4","0.21","949"
"196115","occ","","","20157","Canis latrans","species","44854","Irvingtonian","","1.4","0.21","3211"
"196265","occ","","","20173","Canis latrans","species","44854","Irvingtonian","","1.4","0.21","2893"
"196301","occ","9235","","20178","Canis latrans","species","44854","Irvingtonian","","1.4","0.21","6294"
"196351","occ","","","20187","Canis latrans","species","44854","Irvingtonian","","1.4","0.21","2893"
"196424","occ","","","20205","Canis","genus","41198","Irvingtonian","","1.4","0.21","2725"
"196549","occ","","","20237","Canis","genus","41198","Irvingtonian","","1.4","0.21","2725"
"196653","occ","","","20273","Canis latrans","species","44854","Late Pleistocene","","0.129","0.0117","2016"
"196681","occ","","","20277","Canis","genus","41198","Irvingtonian","","1.4","0.21","1764"
"196697","occ","","","20280","Canis latrans","species","44854","Irvingtonian","","1.4","0.21","1817"
"196706","occ","","","20281","Canis","genus","41198","Irvingtonian","","1.4","0.21","2254"
"196730","occ","","","20283","Canis latrans","species","44854","Irvingtonian","","1.4","0.21","2607"
"196731","occ","","","20283","Canis cedazoensis","species","44831","Irvingtonian","","1.4","0.21","2607"
"196759","occ","37231","","20285","Canis lupus","species","44860","Pleistocene","","2.58","0.0117","69885"
"196760","occ","37232","","20285","Canis latrans","species","44854","Pleistocene","","2.58","0.0117","69885"
"196816","occ","9332","","20289","Canis armbrusteri","species","44827","Irvingtonian","","1.4","0.21","2673"
"196842","occ","","","20290","Canis latrans","species","44854","Irvingtonian","","1.4","0.21","2673"
"196843","occ","30223","","20290","Canis armbrusteri","species","44827","Irvingtonian","","1.4","0.21","52058"
"196901","occ","","","20293","Canis latrans","species","44854","Irvingtonian","","1.4","0.21","1462"
"196933","occ","","","20295","Canis latrans","species","44854","Irvingtonian","","1.4","0.21","1907"
"196953","occ","9378","","20297","Canis lupus","species","44860","Irvingtonian","","1.4","0.21","2673"
"196982","occ","","","20299","Canis edwardii","species","44838","Irvingtonian","","1.4","0.21","2615"
"197002","occ","9385","","20301","Canis edwardii","species","44838","Irvingtonian","","1.4","0.21","2673"
"197033","occ","","","20302","Canis armbrusteri","species","44827","Irvingtonian","","1.4","0.21","1628"
"197034","occ","9393","","20302","Canis latrans","species","44854","Irvingtonian","","1.4","0.21","2673"
"197092","occ","","","20303","Canis edwardii","species","44838","Blancan","","4.7","1.4","2252"
"197140","occ","","","20308","Canis edwardii","species","44838","Irvingtonian","","1.4","0.21","2615"
"197268","occ","","","20319","Canis edwardii","species","44838","Irvingtonian","","1.4","0.21","2887"
"197294","occ","30196","","20322","Canis lepophagus","species","44856","Blancan","","4.7","1.4","52058"
"197327","occ","","","20323","Canis latrans","species","44854","Irvingtonian","Rancholabrean","1.4","0.014","2018"
"197352","occ","30220","","20327","Canis latrans","species","44854","Irvingtonian","","1.4","0.21","52058"
"197378","occ","","","20329","Canis latrans","species","44854","Irvingtonian","","1.4","0.21","949"
"197379","occ","","","20329","Canis edwardii","species","44838","Irvingtonian","","1.4","0.21","949"
"197401","occ","","","20334","Canis edwardii","species","44838","Irvingtonian","","1.4","0.21","2615"
"197404","occ","","","20335","Canis","genus","41198","Irvingtonian","Rancholabrean","1.4","0.014","2018"
"197441","occ","9471","","20342","Canis latrans","species","44854","Irvingtonian","","1.4","0.21","1319"
"197442","occ","9472","","20342","Canis armbrusteri","species","44827","Irvingtonian","","1.4","0.21","1319"
"197489","occ","9491","","20346","Canis lupus","species","44860","Irvingtonian","","1.4","0.21","2673"
"197499","occ","30221","","20347","Canis latrans","species","44854","Irvingtonian","","1.4","0.21","52058"
"197571","occ","","","20351","Canis armbrusteri","species","44827","Irvingtonian","","1.4","0.21","2615"
"197572","occ","","","20351","Canis edwardii","species","44838","Irvingtonian","","1.4","0.21","2615"
"197664","occ","9530","","20360","Canis","genus","41198","Middle Pleistocene","","0.774","0.129","6294"
"197721","occ","","","20375","Canis","genus","41198","Irvingtonian","","1.4","0.21","1916"
"197794","occ","","","20384","Canis edwardii","species","44838","Gelasian","","2.58","1.8","3580"
"197860","occ","9581","","20387","Canis latrans","species","44854","Irvingtonian","","1.4","0.21","6294"
"197990","occ","","","20400","Canis edwardii","species","44838","Irvingtonian","","1.4","0.21","1960"
"197991","occ","","","20400","Canis armbrusteri","species","44827","Irvingtonian","","1.4","0.21","1960"
"198018","occ","","","20401","Canis armbrusteri","species","44827","Irvingtonian","","1.4","0.21","1960"
"198116","occ","","","20415","Canis armbrusteri","species","44827","Irvingtonian","","1.4","0.21","2615"
"198133","occ","","","20417","Canis","genus","41198","Irvingtonian","","1.4","0.21","1200"
"198253","occ","","","20434","Canis lupus","species","44860","Irvingtonian","","1.4","0.21","2048"
"198363","occ","","","20454","Canis latrans","species","44854","Irvingtonian","","1.4","0.21","2725"
"198476","occ","","","20477","Canis latrans","species","44854","Irvingtonian","","1.4","0.21","1022"
"198512","occ","9703","","20479","Canis","genus","41198","Irvingtonian","","1.4","0.21","2673"
"198513","occ","30224","","20479","Canis armbrusteri","species","44827","Irvingtonian","","1.4","0.21","52058"
"198606","occ","","","20491","Canis latrans","species","44854","Rancholabrean","","0.21","0.014","3580"
"198649","occ","","","20494","Canis edwardii","species","44838","Irvingtonian","","1.4","0.21","2615"
"198672","occ","9737","","20498","Canis armbrusteri","species","44827","Irvingtonian","","1.4","0.21","3083"
"198673","occ","9738","","20498","Canis latrans","species","44854","Irvingtonian","","1.4","0.21","3083"
"198688","occ","","","20499","Canis edwardii","species","44838","Irvingtonian","","1.4","0.21","2673"
"198698","occ","9747","","20500","Canis latrans","species","44854","Irvingtonian","","1.4","0.21","2673"
"198740","occ","","","20504","Canis","genus","41198","Irvingtonian","","1.4","0.21","2940"
"198767","occ","","","20506","Canis rufus","species","44879","Irvingtonian","","1.4","0.21","2940"
"198814","occ","","","20514","Canis latrans","species","44854","Irvingtonian","","1.4","0.21","2940"
"198920","occ","","","20528","Canis edwardii","species","44838","Irvingtonian","","1.4","0.21","2887"
"198940","occ","","","20530","Canis latrans","species","44854","Irvingtonian","","1.4","0.21","1304"
"198941","occ","9783","","20530","Canis armbrusteri","species","44827","Irvingtonian","","1.4","0.21","6202"
"198987","occ","30219","","20536","Canis edwardii","species","44838","Irvingtonian","","1.4","0.21","52058"
"199068","occ","","","20556","Canis latrans","species","44854","Irvingtonian","","1.4","0.21","2896"
"199069","occ","","","20556","Canis lupus","species","44860","Irvingtonian","","1.4","0.21","2896"
"199085","occ","","","20558","Canis armbrusteri","species","44827","Irvingtonian","","1.4","0.21","1794"
"199126","occ","","","20559","Canis latrans","species","44854","Irvingtonian","","1.4","0.21","1022"
"199180","occ","","","20567","Canis latrans","species","44854","Irvingtonian","","1.4","0.21","3799"
"199204","occ","","","20569","Canis latrans","species","44854","Late Pleistocene","","0.129","0.0117","6225"
"199393","occ","","","20590","Canis lupus","species","44860","Late Pleistocene","","0.129","0.0117","1785"
"199413","occ","30225","","20593","Canis armbrusteri","species","44827","Late Pleistocene","","0.129","0.0117","52058"
"199487","occ","","","20600","Canis lupus","species","44860","Late Pleistocene","","0.129","0.0117","3498"
"199488","occ","","","20600","Canis latrans","species","44854","Late Pleistocene","","0.129","0.0117","2727"
"199610","occ","","","20612","Canis latrans","species","44854","Late Pleistocene","","0.129","0.0117","2501"
"199643","occ","","","20615","Canis lupus","species","44860","Late Pleistocene","","0.129","0.0117","1200"
"199670","occ","","","20617","Canis latrans","species","44854","Late Pleistocene","","0.129","0.0117","1766"
"199687","occ","","","20619","Canis latrans","species","44854","Late Pleistocene","","0.129","0.0117","1793"
"199750","occ","9905","","20626","Canis lupus","species","44860","Late Pleistocene","","0.129","0.0117","1785"
"199774","occ","","","20629","Canis","genus","41198","Late Pleistocene","","0.129","0.0117","3567"
"199827","occ","","","20635","Canis latrans","species","44854","Late Pleistocene","","0.129","0.0117","3182"
"199913","occ","","","20641","Canis latrans","species","44854","Late Pleistocene","","0.129","0.0117","2589"
"199934","occ","","","20642","Canis latrans","species","44854","Late Pleistocene","","0.129","0.0117","2018"
"199948","occ","","","20644","Canis latrans","species","44854","Late Pleistocene","","0.129","0.0117","2018"
"199960","occ","","","20646","Canis latrans","species","44854","Late Pleistocene","","0.129","0.0117","2018"
"200019","occ","","","20653","Canis latrans","species","44854","Late Pleistocene","","0.129","0.0117","3567"
"213140","occ","","","21690","Canis aureus","species","104156","Holocene","","0.0117","0","4792"
"213425","occ","","","21796","Canis","genus","41198","Piacenzian","","3.6","2.58","4451"
"213431","occ","","","21798","Canis","genus","41198","Piacenzian","","3.6","2.58","4451"
"213443","occ","","","21800","Canis","genus","41198","Piacenzian","","3.6","2.58","4451"
"213454","occ","","","21802","Canis","genus","41198","Piacenzian","","3.6","2.58","4451"
"213460","occ","","","21804","Canis","genus","41198","Gelasian","","2.58","1.8","4451"
"213486","occ","","","21810","Canis","genus","41198","Piacenzian","","3.6","2.58","4451"
"213496","occ","","","21811","Canis","genus","41198","Piacenzian","","3.6","2.58","4451"
"213497","occ","","","21812","Canis","genus","41198","Piacenzian","","3.6","2.58","4451"
"213515","occ","","","21830","Canis","genus","41198","Zanclean","Piacenzian","5.333","2.58","4451"
"213525","occ","","","21831","Canis","genus","41198","Piacenzian","","3.6","2.58","4451"
"213532","occ","","","21832","Canis","genus","41198","Piacenzian","","3.6","2.58","4451"
"213605","occ","","","21856","Canis aureus","species","104156","Pleistocene","Holocene","2.58","0","5211"
"213635","occ","","","21857","Canis aureus","species","104156","Pleistocene","Holocene","2.58","0","5212"
"213641","occ","","","21857","Canis lupaster","species","471380","Pleistocene","Holocene","2.58","0","5212"
"213653","occ","","","21859","Canis","genus","41198","Pleistocene","Holocene","2.58","0","5212"
"213661","occ","","","21859","Canis aureus","species","104156","Pleistocene","Holocene","2.58","0","5212"
"213669","occ","","","21859","Canis lupaster","species","471380","Pleistocene","Holocene","2.58","0","5212"
"213744","occ","","","21886","Canis aureus","species","104156","Pleistocene","","2.58","0.0117","5209"
"213948","occ","","","21907","Canis aureus","species","104156","Holocene","","0.0117","0","5221"
"213985","occ","","","21914","Canis","genus","41198","Holocene","","0.0117","0","5213"
"214024","occ","","","21920","Canis","genus","41198","Pleistocene","","2.58","0.0117","5213"
"216895","occ","","","22074","Canis","genus","41198","Pleistocene","Holocene","2.58","0","5325"
"217610","occ","","","22220","Canis","genus","41198","Miocene","Pliocene","23.03","2.58","5401"
"217674","occ","","","22221","Canis","genus","41198","Zanclean","","5.333","3.6","5391"
"219129","occ","","","22489","Canis aureus","species","104156","Pleistocene","","2.58","0.0117","5619"
"219376","occ","","","22513","Canis","genus","41198","Pleistocene","","2.58","0.0117","5225"
"220361","occ","","","21862","Canis","genus","41198","Holocene","","0.0117","0","5216"
"220373","occ","","","21866","Canis","genus","41198","Holocene","","0.0117","0","5218"
"220429","occ","","","21871","Canis","genus","41198","Holocene","","0.0117","0","5220"
"220484","occ","","","21877","Canis aureus","species","104156","Late Pleistocene","","0.129","0.0117","5221"
"220517","occ","","","21883","Canis","genus","41198","Pleistocene","Holocene","2.58","0","5221"
"220528","occ","","","21894","Canis familiaris","species","104153","Holocene","","0.0117","0","5210"
"220656","occ","","","21911","Canis","genus","41198","Holocene","","0.0117","0","5213"
"220672","occ","","","21912","Canis","genus","41198","Holocene","","0.0117","0","5214"
"220871","occ","","","21946","Canis","genus","41198","Holocene","","0.0117","0","5214"
"221317","occ","","","21276","Canis","genus","41198","Middle Pleistocene","Late Pleistocene","0.774","0.0117","4430"
"221354","occ","","","21277","Canis","genus","41198","Middle Pleistocene","Late Pleistocene","0.774","0.0117","4430"
"224530","occ","","","21791","Canis","genus","41198","Pliocene","Calabrian","5.333","0.774","4867"
"225604","occ","","","21865","Canis aureus","species","104156","Pleistocene","Holocene","2.58","0","5217"
"225624","occ","","","21884","Canis","genus","41198","Pleistocene","Holocene","2.58","0","5217"
"225642","occ","","","21902","Canis","genus","41198","Holocene","","0.0117","0","5230"
"225673","occ","","","21903","Canis","genus","41198","Holocene","","0.0117","0","5230"
"225737","occ","","","21921","Canis","genus","41198","Holocene","","0.0117","0","5218"
"225754","occ","","","21922","Canis","genus","41198","Late Pleistocene","Holocene","0.129","0","5236"
"226127","occ","","","21957","Canis","genus","41198","Pleistocene","Holocene","2.58","0","5237"
"226130","occ","","","21958","Canis","genus","41198","Holocene","","0.0117","0","5230"
"226232","occ","","","21963","Canis","genus","41198","Pleistocene","","2.58","0.0117","5266"
"226787","occ","","","22066","Canis","genus","41198","Late Pleistocene","","0.129","0.0117","5318"
"227011","occ","","","22073","Canis","genus","41198","Holocene","","0.0117","0","5324"
"227664","occ","","","22229","Canis","genus","41198","Miocene","Pliocene","23.03","2.58","5408"
"228015","occ","","","22329","Canis","genus","41198","Pleistocene","","2.58","0.0117","4884"
"228035","occ","","","22330","Canis","genus","41198","Late Pliocene","Pleistocene","3.6","0.0117","4891"
"228055","occ","","","22332","Canis","genus","41198","Late Pliocene","Pleistocene","3.6","0.0117","5531"
"339251","occ","","","32050","Canis","genus","41198","Pliocene","","5.333","2.58","4451"
"341749","occ","","","32195","Canis","genus","41198","Early Pleistocene","","2.58","0.774","8655"
"356210","occ","","","33973","Canis mosbachensis","species","366711","Early Pleistocene","","2.58","0.774","8655"
"356272","occ","","","33974","Canis mosbachensis","species","366711","Early Pleistocene","","2.58","0.774","8655"
"357127","occ","","","33975","Canis mosbachensis","species","366711","Early Pleistocene","","2.58","0.774","8655"
"357185","occ","","","34009","Canis mosbachensis","species","366711","Early Pleistocene","","2.58","0.774","8655"
"357217","occ","","","34010","Canis mosbachensis","species","366711","Middle Pleistocene","","0.774","0.129","8655"
"358468","occ","11022","","34102","Canis lupus","species","44860","Pleistocene","","2.58","0.0117","10946"
"358553","occ","11023","","34104","Canis lupus","species","44860","Pleistocene","","2.58","0.0117","10946"
"358632","occ","","","34105","Canis","genus","41198","Middle Pleistocene","","0.774","0.129","8978"
"360258","occ","","","34127","Canis mosbachensis","species","366711","Pleistocene","","2.58","0.0117","8650"
"361611","occ","","","22239","Canis","genus","41198","Zanclean","Piacenzian","5.333","2.58","8636"
"361746","occ","13597","","34269","Canis latrans","species","44854","Late Pleistocene","","0.129","0.0117","14678"
"361747","occ","","","34269","Canis","genus","41198","Late Pleistocene","","0.129","0.0117","9009"
"363572","occ","","","34444","Canis","genus","41198","Pliocene","","5.333","2.58","9043"
"363597","occ","","","34445","Canis etruscus","species","376900","Pliocene","","5.333","2.58","9043"
"363600","occ","","","34446","Canis etruscus","species","376900","Early Pleistocene","","2.58","0.774","9043"
"363611","occ","","","34447","Canis etruscus","species","376900","Early Pleistocene","","2.58","0.774","9043"
"365332","occ","","","34617","Canis etruscus","species","376900","Villanyian","Pleistocene","3.1","0.0117","9135"
"365333","occ","","","34617","Canis arnensis","species","370342","Villanyian","Pleistocene","3.1","0.0117","9135"
"366131","occ","","","34667","Canis","genus","41198","Pleistocene","","2.58","0.0117","9176"
"367530","occ","39366","","34764","Canis arnensis","species","370342","Early Pleistocene","Pleistocene","2.58","0.0117","79089"
"367573","occ","","","34766","Canis lupus","species","44860","Early Pleistocene","","2.58","0.774","9135"
"367688","occ","","","34782","Canis etruscus","species","376900","Early Pleistocene","","2.58","0.774","9135"
"367689","occ","","","34782","Canis arnensis","species","370342","Early Pleistocene","","2.58","0.774","9135"
"367690","occ","","","34782","Canis","genus","41198","Early Pleistocene","","2.58","0.774","9135"
"367716","occ","","","34783","Canis arnensis","species","370342","Early Pleistocene","","2.58","0.774","9135"
"367724","occ","40880","","34784","Canis apolloniensis","species","55004","Early Pleistocene","","2.58","0.774","67463"
"367725","occ","","","34784","Canis apolloniensis","species","55004","Early Pleistocene","","2.58","0.774","9136"
"367963","occ","","","34808","Canis lupus","species","44860","Early Pleistocene","Middle Pleistocene","2.58","0.129","9135"
"368589","occ","","","34872","Canis mosbachensis","species","366711","Pleistocene","","2.58","0.0117","9345"
"368996","occ","","","34898","Canis etruscus","species","376900","Early Pleistocene","","2.58","0.774","9343"
"369045","occ","","","34911","Canis etruscus","species","376900","Early Pleistocene","","2.58","0.774","9372"
"369171","occ","","","34920","Canis mosbachensis","species","366711","Pleistocene","","2.58","0.0117","9345"
"369192","occ","","","34925","Canis mosbachensis","species","366711","Middle Pleistocene","","0.774","0.129","9345"
"369203","occ","","","34926","Canis lupus","species","44860","Middle Pleistocene","","0.774","0.129","9345"
"369226","occ","","","34927","Canis lupus","species","44860","Middle Pleistocene","","0.774","0.129","9345"
"369252","occ","","","34929","Canis etruscus","species","376900","Villanyian","","3.1","2.58","9381"
"369699","occ","","","34985","Canis etruscus","species","376900","Middle Pleistocene","","0.774","0.129","9390"
"370245","occ","","","35045","Canis troglodytes","species","461915","Middle Pleistocene","","0.774","0.129","9309"
"370428","occ","","","35076","Canis etruscus","species","376900","Pliocene","Pleistocene","5.333","0.0117","9424"
"370531","occ","","","35078","Canis etruscus","species","376900","Calabrian","Middle Pleistocene","1.8","0.129","9469"
"373551","occ","","","35358","Canis arnensis","species","370342","Villanyian","","3.1","2.58","9534"
"374161","occ","","","35369","Canis mosbachensis","species","366711","Villanyian","","3.1","2.58","9534"
"374162","occ","","","35369","Canis lupus","species","44860","Villanyian","","3.1","2.58","9534"
"374262","occ","","","35371","Canis","genus","41198","Villanyian","","3.1","2.58","9534"
"374338","occ","","","35374","Canis","genus","41198","Villanyian","","3.1","2.58","9534"
"375048","occ","","","35428","Canis","genus","41198","Early Pleistocene","","2.58","0.774","9534"
"375148","occ","","","35431","Canis arnensis","species","370342","Early Pleistocene","","2.58","0.774","9534"
"375514","occ","","","35442","Canis lupus","species","44860","Early Pleistocene","","2.58","0.774","9534"
"375515","occ","","","35442","Canis","genus","41198","Early Pleistocene","","2.58","0.774","9534"
"375632","occ","","","35457","Canis mosbachensis","species","366711","Early Pleistocene","","2.58","0.774","9534"
"375892","occ","","","35467","Canis mosbachensis","species","366711","Middle Pleistocene","","0.774","0.129","9534"
"375995","occ","","","35472","Canis","genus","41198","Middle Pleistocene","","0.774","0.129","9534"
"379666","occ","","","35907","Canis lupus","species","44860","Early Pleistocene","Middle Pleistocene","2.58","0.129","9643"
"380822","occ","","","36134","Canis lupus","species","44860","Middle Pleistocene","","0.774","0.129","9695"
"381189","occ","","","36206","Canis lupus","species","44860","Middle Pleistocene","","0.774","0.129","9643"
"381231","occ","","","22728","Canis lupus","species","44860","Pleistocene","","2.58","0.0117","9643"
"381395","occ","","","36214","Canis lupus","species","44860","Middle Pleistocene","","0.774","0.129","9643"
"381462","occ","","","36219","Canis lupus","species","44860","Middle Pleistocene","","0.774","0.129","9643"
"381496","occ","","","36220","Canis lupus","species","44860","Middle Pleistocene","","0.774","0.129","9643"
"382410","occ","","","36318","Canis","genus","41198","Early Pliocene","","5.333","3.6","9739"
"382411","occ","","","36318","Canis","genus","41198","Early Pliocene","","5.333","3.6","9739"
"382572","occ","","","36376","Canis familiaris","species","104153","Quaternary","","2.58","0","9756"
"384496","occ","","","36586","Canis","genus","41198","Pleistocene","","2.58","0.0117","9810"
"387459","occ","","","37024","Canis etruscus","species","376900","Pleistocene","","2.58","0.0117","9913"
"387487","occ","","","37026","Canis etruscus","species","376900","Pleistocene","","2.58","0.0117","9913"
"395161","occ","","","22491","Canis","genus","41198","Gelasian","Calabrian","2.58","0.774","9955"
"398243","occ","","","13066","Canis lupus","species","44860","Late Pleistocene","","0.129","0.0117","10274"
"407962","occ","","","11803","Canis lupaster","species","471380","Late Pleistocene","","0.129","0.0117","10604"
"407997","occ","","","39252","Canis lupaster","species","471380","Pleistocene","","2.58","0.0117","10604"
"408440","occ","","","39314","Canis lupus","species","44860","Early Pleistocene","","2.58","0.774","10617"
"408441","occ","","","39314","Canis aureus","species","104156","Early Pleistocene","","2.58","0.774","10617"
"408500","occ","","","39321","Canis","genus","41198","Early Pleistocene","","2.58","0.774","10617"
"408555","occ","","","39322","Canis","genus","41198","Pliocene","Pleistocene","5.333","0.0117","10617"
"409292","occ","11026","","39409","Canis senezensis","species","475375","Pliocene","","5.333","2.58","10647"
"409300","occ","","","39410","Canis senezensis","species","475375","Pliocene","","5.333","2.58","10647"
"412079","occ","","","39847","Canis etruscus","species","376900","Early Pleistocene","","2.58","0.774","10805"
"412082","occ","","","39848","Canis etruscus","species","376900","Early Pleistocene","","2.58","0.774","10805"
"412418","occ","","","39882","Canis etruscus","species","376900","Pliocene","","5.333","2.58","10818"
"414551","occ","","","40113","Canis","genus","41198","Pliocene","","5.333","2.58","10873"
"415526","occ","","","40266","Canis variabilis","species","399955","Early Pleistocene","","2.58","0.774","10889"
"416592","occ","","","40392","Canis","genus","41198","Pliocene","","5.333","2.58","10898"
"416628","occ","","","40394","Canis","genus","41198","Ruscinian","","5.333","3.1","10898"
"416649","occ","10825","","40398","Canis","genus","41198","Pleistocene","","2.58","0.0117","10904"
"417541","occ","","","40497","Canis lupus","species","44860","Middle Pleistocene","Late Pleistocene","0.774","0.0117","10916"
"417579","occ","","","40500","Canis etruscus","species","376900","Early Pleistocene","","2.58","0.774","10917"
"418337","occ","","","34434","Canis etruscus","species","376900","Pliocene","Pleistocene","5.333","0.0117","10946"
"418923","occ","","","34395","Canis","genus","41198","Pliocene","","5.333","2.58","10946"
"418960","occ","","","40695","Canis","genus","41198","Middle Pleistocene","","0.774","0.129","10958"
"419657","occ","","","35339","Canis cipio","species","433186","Turolian","","8.7","5.333","11002"
"420015","occ","11528","","40808","Canis lupus","species","44860","Middle Pleistocene","","0.774","0.129","11465"
"421638","occ","","","40997","Canis arnensis","species","370342","Early Pleistocene","","2.58","0.774","11051"
"421686","occ","","","41004","Canis arnensis","species","370342","Early Pleistocene","","2.58","0.774","11051"
"421699","occ","","","41006","Canis arnensis","species","370342","Early Pleistocene","","2.58","0.774","11051"
"439011","occ","","","42866","Canis aureus","species","104156","Middle Pleistocene","","0.774","0.129","11378"
"439012","occ","","","42866","Canis","genus","41198","Middle Pleistocene","","0.774","0.129","11378"
"439046","occ","","","42241","Canis etruscus","species","376900","Early Pleistocene","","2.58","0.774","11379"
"440026","occ","","","43008","Canis lupus","species","44860","Middle Pleistocene","","0.774","0.129","11397"
"440029","occ","","","43008","Canis aureus","species","104156","Middle Pleistocene","","0.774","0.129","11397"
"440122","occ","11233","","43016","Canis mosbachensis","species","366711","Middle Pleistocene","","0.774","0.129","11400"
"442548","occ","","","43617","Canis","genus","41198","Middle Pleistocene","Late Pleistocene","0.774","0.0117","11457"
"442555","occ","","","43618","Canis lupus","species","44860","Middle Pleistocene","Late Pleistocene","0.774","0.0117","11457"
"442574","occ","","","43619","Canis lupus","species","44860","Late Pleistocene","","0.129","0.0117","11457"
"442635","occ","","","43629","Canis lupus","species","44860","Late Pleistocene","","0.129","0.0117","11457"
"442664","occ","","","43630","Canis lupus","species","44860","Late Pleistocene","","0.129","0.0117","11457"
"442682","occ","","","43631","Canis lupus","species","44860","Late Pleistocene","","0.129","0.0117","11457"
"442712","occ","","","43632","Canis lupus","species","44860","Late Pleistocene","","0.129","0.0117","11457"
"442908","occ","","","43644","Canis lupus","species","44860","Early Pleistocene","","2.58","0.774","11465"
"443122","occ","","","43645","Canis","genus","41198","Middle Pleistocene","","0.774","0.129","11465"
"443152","occ","","","43649","Canis lupus","species","44860","Middle Pleistocene","","0.774","0.129","11465"
"443153","occ","","","43649","Canis","genus","41198","Middle Pleistocene","","0.774","0.129","11465"
"443180","occ","","","43650","Canis lupus","species","44860","Middle Pleistocene","","0.774","0.129","11465"
"443190","occ","","","43651","Canis lupus","species","44860","Middle Pleistocene","","0.774","0.129","11465"
"443238","occ","","","43653","Canis lupus","species","44860","Middle Pleistocene","","0.774","0.129","11465"
"443239","occ","","","43653","Canis","genus","41198","Middle Pleistocene","","0.774","0.129","11465"
"443254","occ","","","43654","Canis lupus","species","44860","Middle Pleistocene","","0.774","0.129","11465"
"443315","occ","","","43656","Canis lupus","species","44860","Pleistocene","","2.58","0.0117","11465"
"443316","occ","","","43656","Canis","genus","41198","Pleistocene","","2.58","0.0117","11465"
"443339","occ","","","43657","Canis","genus","41198","Middle Pleistocene","Late Pleistocene","0.774","0.0117","11465"
"443400","occ","","","43664","Canis lupus","species","44860","Middle Pleistocene","","0.774","0.129","11465"
"443401","occ","","","43664","Canis","genus","41198","Middle Pleistocene","","0.774","0.129","11465"
"443449","occ","","","43666","Canis","genus","41198","Middle Pleistocene","","0.774","0.129","11465"
"443582","occ","","","43689","Canis lupus","species","44860","Late Pleistocene","","0.129","0.0117","11465"
"443685","occ","","","43699","Canis lupus","species","44860","Middle Pleistocene","","0.774","0.129","11465"
"443733","occ","","","43702","Canis lupus","species","44860","Middle Pleistocene","Late Pleistocene","0.774","0.0117","11465"
"447654","occ","","","44090","Canis lupus","species","44860","Middle Pleistocene","","0.774","0.129","11572"
"447692","occ","","","44091","Canis lupus","species","44860","Pleistocene","","2.58","0.0117","11575"
"448605","occ","","","44145","Canis etruscus","species","376900","Early Pleistocene","","2.58","0.774","11584"
"448612","occ","","","44146","Canis etruscus","species","376900","Early Pleistocene","","2.58","0.774","11585"
"450382","occ","","","44231","Canis","genus","41198","Pliocene","Pleistocene","5.333","0.0117","12548"
"474708","occ","34721","","47099","Canis","genus","41198","MN 16","","3.2","2.58","65737"
"474729","occ","","","47100","Canis megamastoides","species","474914","MN 16","","3.2","2.58","12548"
"474731","occ","","","47100","Canis etruscus","species","376900","MN 16","","3.2","2.58","12548"
"478751","occ","","","47624","Canis","genus","41198","MN 17","","2.58","1.8","12548"
"479837","occ","","","47828","Canis","genus","41198","Early Pleistocene","","2.58","0.774","12802"
"479850","occ","","","47829","Canis etruscus","species","376900","Early Pleistocene","","2.58","0.774","12802"
"479879","occ","","","47831","Canis etruscus","species","376900","Early Pleistocene","","2.58","0.774","13065"
"485282","occ","","","48587","Canis lupus","species","44860","Late Pleistocene","","0.129","0.0117","12964"
"485373","occ","","","48580","Canis","genus","41198","Early Pleistocene","","2.58","0.774","12964"
"487322","occ","","","48889","Canis etruscus","species","376900","Middle Pleistocene","","0.774","0.129","12802"
"487335","occ","","","48890","Canis etruscus","species","376900","Middle Pleistocene","","0.774","0.129","13053"
"487387","occ","","","48893","Canis etruscus","species","376900","Middle Pleistocene","","0.774","0.129","12802"
"487400","occ","","","48908","Canis etruscus","species","376900","Middle Pleistocene","","0.774","0.129","12802"
"487408","occ","","","48910","Canis etruscus","species","376900","Middle Pleistocene","","0.774","0.129","12802"
"487415","occ","","","48911","Canis etruscus","species","376900","Middle Pleistocene","","0.774","0.129","13054"
"488520","occ","","","49089","Canis lupus","species","44860","Middle Pleistocene","","0.774","0.129","13054"
"488560","occ","","","49093","Canis etruscus","species","376900","Middle Pleistocene","","0.774","0.129","13054"
"488561","occ","","","49093","Canis","genus","41198","Middle Pleistocene","","0.774","0.129","13054"
"488605","occ","","","49094","Canis","genus","41198","Middle Pleistocene","","0.774","0.129","13054"
"489315","occ","","","49240","Canis etruscus","species","376900","Pliocene","Pleistocene","5.333","0.0117","13150"
"489316","occ","","","49240","Canis arnensis","species","370342","Pliocene","Pleistocene","5.333","0.0117","13150"
"489370","occ","","","49254","Canis etruscus","species","376900","MN 17","","2.58","1.8","13155"
"489577","occ","","","48981","Canis","genus","41198","Early Pleistocene","","2.58","0.774","13167"
"489590","occ","40938","","49239","Canis mosbachensis","species","366711","Calabrian","","1.8","0.774","85451"
"489961","occ","","","49414","Canis etruscus","species","376900","MN 17","","2.58","1.8","13151"
"493158","occ","","","49814","Canis lupus","species","44860","Middle Pleistocene","","0.774","0.129","13378"
"493203","occ","","","49816","Canis lupus","species","44860","Middle Pleistocene","","0.774","0.129","13380"
"494704","occ","","","49999","Canis lupus","species","44860","Middle Pleistocene","","0.774","0.129","13430"
"497012","occ","","","50196","Canis lupus","species","44860","Middle Pleistocene","","0.774","0.129","9643"
"497081","occ","","","50198","Canis lupus","species","44860","Middle Pleistocene","","0.774","0.129","9643"
"497120","occ","","","50199","Canis lupus","species","44860","Middle Pleistocene","","0.774","0.129","9643"
"497444","occ","","","50242","Canis lupus","species","44860","Pleistocene","","2.58","0.0117","9643"
"497510","occ","","","50249","Canis lupus","species","44860","Middle Pleistocene","","0.774","0.129","9643"
"497635","occ","","","50258","Canis lupus","species","44860","Middle Pleistocene","","0.774","0.129","9643"
"497636","occ","","","50258","Canis","genus","41198","Middle Pleistocene","","0.774","0.129","9643"
"497675","occ","","","50259","Canis lupus","species","44860","Middle Pleistocene","","0.774","0.129","9643"
"497772","occ","","","50274","Canis etruscus","species","376900","Early Pleistocene","","2.58","0.774","8651"
"498800","occ","","","50466","Canis etruscus","species","376900","Early Pleistocene","Middle Pleistocene","2.58","0.129","13532"
"498812","occ","13073","","50342","Canis lupus","species","44860","Early Pleistocene","","2.58","0.774","13519"
"501588","occ","","","50910","Canis","genus","41198","MN 14","","4.9","4.2","13592"
"501606","occ","","","50913","Canis","genus","41198","MN 14","","4.9","4.2","13592"
"501620","occ","","","50915","Canis","genus","41198","MN 14","MN 15","4.9","3.2","13592"
"501624","occ","","","50917","Canis","genus","41198","MN 15","","4.2","3.2","13592"
"501760","occ","","","50935","Canis","genus","41198","MN 15","","4.2","3.2","13592"
"501806","occ","","","50940","Canis","genus","41198","MN 15","","4.2","3.2","13592"
"501850","occ","","","50945","Canis","genus","41198","MN 14","","4.9","4.2","13592"
"501851","occ","","","50946","Canis","genus","41198","MN 14","","4.9","4.2","13592"
"502021","occ","","","48093","Canis","genus","41198","Gelasian","","2.58","1.8","13613"
"502572","occ","","","51100","Canis lupus","species","44860","Middle Pleistocene","","0.774","0.129","13623"
"508671","occ","","","51684","Canis","genus","41198","Pliocene","Pleistocene","5.333","0.0117","13759"
"510967","occ","","","51778","Canis","genus","41198","Early Pleistocene","","2.58","0.774","13786"
"536650","occ","","","55533","Canis lupus","species","44860","Holocene","","0.0117","0","14999"
"562951","occ","","","58809","Canis etruscus","species","376900","Pliocene","Pleistocene","5.333","0.0117","16685"
"565629","occ","","","59150","Canis lupus","species","44860","Holocene","","0.0117","0","16894"
"596010","occ","","","63150","Canis","genus","41198","Late Pleistocene","","0.129","0.0117","18185"
"598333","occ","","","63427","Canis","genus","41198","Late Pleistocene","","0.129","0.0117","18245"
"598370","occ","","","63429","Canis","genus","41198","Late Pleistocene","Holocene","0.129","0","18245"
"648831","occ","","","70118","Canis","genus","41198","Blancan","","4.7","1.4","23537"
"654799","occ","","","70673","Canis tarijensis","species","475477","Early Pleistocene","","2.58","0.774","85519"
"658992","occ","","","71060","Canis variabilis","species","399955","Early Pleistocene","","2.58","0.774","23807"
"661478","occ","","","71263","Canis latrans","species","44854","Late Pleistocene","Holocene","0.129","0","24053"
"661848","occ","","","71304","Canis","genus","41198","Early Pleistocene","","2.58","0.774","24008"
"661877","occ","","","71308","Canis latrans","species","44854","Late Pleistocene","","0.129","0.0117","24035"
"661974","occ","","","71316","Canis","genus","41198","Late Pleistocene","","0.129","0.0117","23892"
"662059","occ","","","71329","Canis familiaris","species","104153","Holocene","","0.0117","0","24000"
"662170","occ","","","71338","Canis","genus","41198","Late Pleistocene","","0.129","0.0117","24013"
"662193","occ","","","71343","Canis","genus","41198","Holocene","","0.0117","0","24013"
"662312","occ","","","71349","Canis familiaris","species","104153","Holocene","","0.0117","0","24088"
"683956","occ","","","73752","Canis latrans","species","44854","Late Pleistocene","","0.129","0.0117","2588"
"684223","occ","","","73761","Canis lupus","species","44860","Middle Pleistocene","","0.774","0.129","24726"
"685639","occ","","","73845","Canis","genus","41198","Late Pleistocene","","0.129","0.0117","24073"
"691250","occ","","","74474","Canis latrans","species","44854","Holocene","","0.0117","0","1326"
"696742","occ","","","74953","Canis latrans","species","44854","Late Pleistocene","","0.129","0.0117","25288"
"699340","occ","40932","","56733","Canis borjgali","species","475275","Early Pleistocene","","2.58","0.774","85450"
"709947","occ","","","76059","Canis latrans","species","44854","Late Pleistocene","","0.129","0.0117","25748"
"713685","occ","","","76530","Canis lupus","species","44860","Late Pliocene","","3.6","2.58","24838"
"713686","occ","","","76530","Canis","genus","41198","Late Pliocene","","3.6","2.58","24838"
"713731","occ","","","50943","Canis","genus","41198","MN 15","MN 16","4.2","2.58","24838"
"724188","occ","","","77773","Canis","genus","41198","Gelasian","","2.58","1.8","26265"
"724191","occ","","","77773","Canis etruscus","species","376900","Gelasian","","2.58","1.8","26265"
"740001","occ","","","79548","Canis lupus","species","44860","Late Pleistocene","","0.129","0.0117","66209"
"740244","occ","","","79582","Canis latrans","species","44854","Late Pleistocene","","0.129","0.0117","26708"
"740260","occ","","","79584","Canis latrans","species","44854","Holocene","","0.0117","0","26708"
"740511","occ","","","79630","Canis latrans","species","44854","Late Pleistocene","","0.129","0.0117","26738"
"740981","occ","","","79683","Canis latrans","species","44854","Late Pleistocene","","0.129","0.0117","26776"
"745058","occ","22618","","79919","Canis armbrusteri","species","44827","Irvingtonian","","1.4","0.21","31468"
"776506","occ","","","83304","Canis aureus","species","104156","Holocene","","0.0117","0","27974"
"781878","occ","","","84181","Canis","genus","41198","Late Pleistocene","","0.129","0.0117","28213"
"788394","occ","","","85159","Canis","genus","41198","Late Pleistocene","","0.129","0.0117","28655"
"798179","occ","","","86852","Canis rufus","species","44879","Pleistocene","","2.58","0.0117","29235"
"819173","occ","","","90036","Canis lupus","species","44860","Late Pleistocene","","0.129","0.0117","30172"
"819521","occ","","","90070","Canis","genus","41198","Late Pleistocene","","0.129","0.0117","30193"
"834584","occ","","","92732","Canis familiaris","species","104153","Holocene","","0.0117","0","31261"
"835238","occ","","","92733","Canis familiaris","species","104153","Holocene","","0.0117","0","31261"
"836034","occ","","","92787","Canis variabilis","species","399955","Late Pleistocene","","0.129","0.0117","31309"
"838769","occ","","","93103","Canis latrans","species","44854","Late Pleistocene","","0.129","0.0117","3185"
"839053","occ","","","93141","Canis latrans","species","44854","Late Pleistocene","","0.129","0.0117","31472"
"839054","occ","","","93141","Canis lupus","species","44860","Late Pleistocene","","0.129","0.0117","31472"
"839965","occ","","","93181","Canis latrans","species","44854","Late Pleistocene","","0.129","0.0117","31486"
"839986","occ","","","93181","Canis lupus","species","44860","Late Pleistocene","","0.129","0.0117","3553"
"840114","occ","","","93182","Canis latrans","species","44854","Late Pleistocene","","0.129","0.0117","31487"
"840115","occ","","","93182","Canis lupus","species","44860","Late Pleistocene","","0.129","0.0117","31487"
"841211","occ","","","93251","Canis lupus","species","44860","Late Pleistocene","","0.129","0.0117","31525"
"841212","occ","","","93251","Canis latrans","species","44854","Late Pleistocene","","0.129","0.0117","31525"
"841279","occ","","","93259","Canis","genus","41198","Late Pleistocene","","0.129","0.0117","31532"
"841442","occ","","","93281","Canis latrans","species","44854","Late Pleistocene","","0.129","0.0117","31547"
"841443","occ","","","93281","Canis latrans","species","44854","Late Pleistocene","","0.129","0.0117","31547"
"841444","occ","","","93281","Canis lupus","species","44860","Late Pleistocene","","0.129","0.0117","31547"
"841539","occ","","","93277","Canis lupus","species","44860","Late Pleistocene","","0.129","0.0117","31561"
"841709","occ","","","93326","Canis latrans","species","44854","Late Pleistocene","Holocene","0.129","0","31567"
"841710","occ","","","93326","Canis lupus","species","44860","Late Pleistocene","Holocene","0.129","0","31567"
"841734","occ","","","93329","Canis lupus","species","44860","Late Pleistocene","","0.129","0.0117","31573"
"841748","occ","","","93333","Canis latrans","species","44854","Late Pleistocene","","0.129","0.0117","31579"
"841749","occ","","","93333","Canis lupus","species","44860","Late Pleistocene","","0.129","0.0117","31579"
"841784","occ","","","93345","Canis latrans","species","44854","Late Pleistocene","Holocene","0.129","0","31584"
"841978","occ","","","93376","Canis lupus","species","44860","Late Pleistocene","Holocene","0.129","0","31597"
"841995","occ","","","93379","Canis latrans","species","44854","Late Pleistocene","","0.129","0.0117","31599"
"842525","occ","","","93527","Canis","genus","41198","Late Pleistocene","","0.129","0.0117","31646"
"842581","occ","","","93528","Canis latrans","species","44854","Late Pleistocene","","0.129","0.0117","31647"
"847926","occ","","","94328","Canis lupus","species","44860","Early Pleistocene","Late Pleistocene","2.58","0.0117","32076"
"847940","occ","","","94331","Canis","genus","41198","Middle Pleistocene","Late Pleistocene","0.774","0.0117","32076"
"872393","occ","","","96683","Canis","genus","41198","Quaternary","","2.58","0","32942"
"872661","occ","","","96713","Canis","genus","41198","Neogene","","23.03","2.58","32997"
"872761","occ","","","96741","Canis etruscus","species","376900","Pliocene","","5.333","2.58","32997"
"906500","occ","","","101897","Canis lupus","species","44860","Middle Pleistocene","","0.774","0.129","34644"
"906526","occ","","","101898","Canis lupus","species","44860","Late Pleistocene","","0.129","0.0117","34644"
"906585","occ","","","101899","Canis lupus","species","44860","Late Pleistocene","","0.129","0.0117","34644"
"919198","occ","","","104034","Canis","genus","41198","Late Pleistocene","Holocene","0.129","0","1461"
"919339","occ","","","104664","Canis latrans","species","44854","Late Pleistocene","","0.129","0.0117","1461"
"919340","occ","","","104664","Canis","genus","41198","Late Pleistocene","","0.129","0.0117","1461"
"919358","occ","","","104667","Canis familiaris","species","104153","Holocene","","0.0117","0","41131"
"919359","occ","","","104668","Canis","genus","41198","Pleistocene","","2.58","0.0117","1461"
"919450","occ","","","104675","Canis familiaris","species","104153","Holocene","","0.0117","0","1461"
"919493","occ","","","104680","Canis","genus","41198","Late Pleistocene","Holocene","0.129","0","1461"
"919540","occ","","","104689","Canis lupus","species","44860","Late Pleistocene","Holocene","0.129","0","1461"
"934378","occ","","","82258","Canis lupus","species","44860","Late Pleistocene","","0.129","0.0117","35381"
"935492","occ","","","82530","Canis lupus","species","44860","Late Pleistocene","","0.129","0.0117","35842"
"938097","occ","","","102954","Canis lupus","species","44860","Late Pleistocene","Holocene","0.129","0","35949"
"970705","occ","","","59167","Canis","genus","41198","Messinian","Piacenzian","7.246","2.58","37298"
"970822","occ","","","115167","Canis","genus","41198","Late Pleistocene","","0.129","0.0117","37301"
"973715","occ","","","93828","Canis lupus","species","44860","Late Pleistocene","","0.129","0.0117","37407"
"1003082","occ","","","122115","Canis familiaris","species","104153","Holocene","","0.0117","0","38884"
"1006780","occ","","","32904","Canis","genus","41198","Holocene","","0.0117","0","39115"
"1028841","occ","","","93332","Canis latrans","species","44854","Late Pleistocene","","0.129","0.0117","40141"
"1028864","occ","","","20302","Canis","genus","41198","Irvingtonian","","1.4","0.21","39868"
"1034153","occ","","","20302","Canis armbrusteri","species","44827","Irvingtonian","","1.4","0.21","39868"
"1034197","occ","","","20302","Canis rufus","species","44879","Irvingtonian","","1.4","0.21","41080"
"1118503","occ","","","142016","Canis proplatensis","species","264379","Early Pleistocene","","2.58","0.774","46109"
"1142035","occ","","","145500","Canis","genus","41198","Lujanian","","0.3","0.0117","46859"
"1185081","occ","","","152904","Canis armbrusteri","species","44827","Late Pleistocene","","0.129","0.0117","49269"
"1186497","occ","","","150336","Canis lupus","species","44860","Rancholabrean","","0.21","0.014","48793"
"1186498","occ","","","150336","Canis lupus","species","44860","Rancholabrean","","0.21","0.014","48793"
"1186499","occ","","","150336","Canis latrans","species","44854","Rancholabrean","","0.21","0.014","48793"
"1186500","occ","","","150336","Canis latrans","species","44854","Rancholabrean","","0.21","0.014","48793"
"1196134","occ","","","154722","Canis latrans","species","44854","Late Pleistocene","","0.129","0.0117","50316"
"1196393","occ","","","154771","Canis latrans","species","44854","Late Pleistocene","","0.129","0.0117","50335"
"1196538","occ","","","74292","Canis latrans","species","44854","Late Pleistocene","","0.129","0.0117","50339"
"1196539","occ","","","74292","Canis lupus","species","44860","Late Pleistocene","","0.129","0.0117","50339"
"1196937","occ","","","154805","Canis rufus","species","44879","Late Pleistocene","","0.129","0.0117","2451"
"1196938","occ","","","154805","Canis familiaris","species","104153","Late Pleistocene","","0.129","0.0117","2451"
"1197870","occ","","","154921","Canis lupus","species","44860","Late Pleistocene","","0.129","0.0117","50430"
"1201221","occ","","","155393","Canis latrans","species","44854","Late Pleistocene","","0.129","0.0117","50713"
"1201222","occ","","","155393","Canis lupus","species","44860","Late Pleistocene","","0.129","0.0117","50713"
"1201311","occ","","","155409","Canis latrans","species","44854","Late Pleistocene","","0.129","0.0117","50720"
"1217423","occ","","","19954","Canis lepophagus","species","44856","Blancan","","4.7","1.4","52058"
"1217424","occ","","","19914","Canis lepophagus","species","44856","Blancan","","4.7","1.4","52058"
"1217425","occ","","","79621","Canis lepophagus","species","44856","Blancan","Rancholabrean","4.7","0.014","52058"
"1220316","occ","","","20033","Canis edwardii","species","44838","Blancan","","4.7","1.4","52058"
"1220317","occ","","","19963","Canis edwardii","species","44838","Blancan","","4.7","1.4","52058"
"1220325","occ","","","19954","Canis edwardii","species","44838","Blancan","","4.7","1.4","52058"
"1220326","occ","","","19751","Canis edwardii","species","44838","Blancan","","4.7","1.4","52058"
"1220328","occ","","","159674","Canis edwardii","species","44838","Irvingtonian","","1.4","0.21","52058"
"1220329","occ","","","159675","Canis edwardii","species","44838","Irvingtonian","","1.4","0.21","52058"
"1220330","occ","","","159676","Canis edwardii","species","44838","Irvingtonian","","1.4","0.21","52058"
"1220333","occ","","","159677","Canis edwardii","species","44838","Irvingtonian","","1.4","0.21","52058"
"1220334","occ","","","159678","Canis edwardii","species","44838","Irvingtonian","","1.4","0.21","52058"
"1220335","occ","","","159679","Canis edwardii","species","44838","Irvingtonian","","1.4","0.21","52058"
"1220336","occ","","","20342","Canis edwardii","species","44838","Irvingtonian","","1.4","0.21","52058"
"1220337","occ","","","18500","Canis edwardii","species","44838","Irvingtonian","","1.4","0.21","52058"
"1220339","occ","","","20322","Canis edwardii","species","44838","Blancan","","4.7","1.4","52058"
"1220340","occ","","","159680","Canis latrans","species","44854","Irvingtonian","","1.4","0.21","52058"
"1220342","occ","","","20532","Canis latrans","species","44854","Irvingtonian","","1.4","0.21","52058"
"1220343","occ","","","152653","Canis latrans","species","44854","Irvingtonian","","1.4","0.21","52058"
"1220344","occ","","","20537","Canis armbrusteri","species","44827","Irvingtonian","","1.4","0.21","52058"
"1220346","occ","","","20501","Canis latrans","species","44854","Irvingtonian","","1.4","0.21","52058"
"1230888","occ","","","162014","Canis lupus","species","44860","Holocene","","0.0117","0","52776"
"1231936","occ","","","162133","Canis latrans","species","44854","Holocene","","0.0117","0","52801"
"1231937","occ","","","162133","Canis familiaris","species","104153","Holocene","","0.0117","0","52801"
"1234807","occ","","","162545","Canis familiaris","species","104153","Holocene","","0.0117","0","52940"
"1287081","occ","","","171637","Canis","genus","41198","Holocene","","0.0117","0","55812"
"1310775","occ","","","175940","Canis lupus","species","44860","Holocene","","0.0117","0","57682"
"1310781","occ","","","175940","Canis familiaris","species","104153","Holocene","","0.0117","0","57682"
"1310790","occ","","","175941","Canis familiaris","species","104153","Holocene","","0.0117","0","57683"
"1310800","occ","","","175942","Canis familiaris","species","104153","Holocene","","0.0117","0","57683"
"1314668","occ","","","176411","Canis familiaris","species","104153","Holocene","","0.0117","0","58039"
"1315330","occ","","","176525","Canis","genus","41198","Holocene","","0.0117","0","58111"
"1315351","occ","","","122450","Canis lupus","species","44860","Holocene","","0.0117","0","58111"
"1315352","occ","","","122450","Canis","genus","41198","Holocene","","0.0117","0","58111"
"1315386","occ","","","122440","Canis","genus","41198","Holocene","","0.0117","0","58111"
"1350252","occ","","","183092","Canis etruscus","species","376900","Late Miocene","Early Pleistocene","11.63","0.774","61081"
"1350564","occ","40879","","183123","Canis arnensis","species","370342","Pleistocene","","2.58","0.0117","85341"
"1356828","occ","","","184245","Canis lupus","species","44860","Late Pleistocene","","0.129","0.0117","61580"
"1359487","occ","","","77773","Canis accitanus","species","476327","Gelasian","","2.58","1.8","85600"
"1372387","occ","","","104698","Canis armbrusteri","species","44827","Calabrian","","1.8","0.774","62831"
"1374964","occ","","","187755","Canis familiaris","species","104153","Holocene","","0.0117","0","63022"
"1381546","occ","","","184243","Canis lupus","species","44860","Late Pleistocene","Holocene","0.129","0","63554"
"1381614","occ","","","189026","Canis etruscus","species","376900","Early Pleistocene","","2.58","0.774","63501"
"1383258","occ","","","189574","Canis etruscus","species","376900","Early Pleistocene","","2.58","0.774","63715"
"1383259","occ","","","189574","Canis familiaris","species","104153","Early Pleistocene","","2.58","0.774","63715"
"1384786","occ","","","189786","Canis","genus","41198","Early Pleistocene","","2.58","0.774","63308"
"1388446","occ","","","190860","Canis","genus","41198","Pleistocene","","2.58","0.0117","64165"
"1390191","occ","","","191169","Canis familiaris","species","104153","Holocene","","0.0117","0","64468"
"1392309","occ","","","191730","Canis lupus","species","44860","Middle Pleistocene","Late Pleistocene","0.774","0.0117","64663"
"1402614","occ","","","193448","Canis familiaris","species","104153","Holocene","","0.0117","0","65723"
"1408236","occ","","","194625","Canis familiaris","species","104153","Holocene","","0.0117","0","66133"
"1408319","occ","","","194632","Canis familiaris","species","104153","Holocene","","0.0117","0","66133"
"1410037","occ","","","194477","Canis","genus","41198","Middle Pleistocene","","0.774","0.129","66223"
"1411372","occ","","","194995","Canis familiaris","species","104153","Holocene","","0.0117","0","66290"
"1411712","occ","","","195045","Canis lupus","species","44860","Late Pleistocene","","0.129","0.0117","34644"
"1411905","occ","","","195066","Canis","genus","41198","Holocene","","0.0117","0","66327"
"1411946","occ","","","195062","Canis","genus","41198","Holocene","","0.0117","0","66327"
"1411948","occ","","","195062","Canis lupus","species","44860","Holocene","","0.0117","0","66327"
"1412052","occ","","","153777","Canis","genus","41198","Late Pleistocene","Holocene","0.129","0","66345"
"1416817","occ","","","195939","Canis latrans","species","44854","Rancholabrean","","0.21","0.014","41104"
"1418252","occ","","","191915","Canis","genus","41198","Irvingtonian","","1.4","0.21","64797"
"1420072","occ","","","196971","Canis othmanii","species","475284","Middle Pleistocene","","0.774","0.129","67090"
"1420200","occ","","","197002","Canis lepophagus","species","44856","Late Pliocene","Early Pleistocene","3.6","0.774","6254"
"1420201","occ","","","197003","Canis","genus","41198","Late Pleistocene","","0.129","0.0117","67162"
"1420466","occ","","","197069","Canis chihliensis","species","433191","Early Pleistocene","","2.58","0.774","67150"
"1420475","occ","","","197074","Canis mosbachensis","species","366711","Pleistocene","","2.58","0.0117","67163"
"1420477","occ","","","197075","Canis mosbachensis","species","366711","Early Pleistocene","","2.58","0.774","67164"
"1420481","occ","","","40988","Canis mosbachensis","species","366711","Early Pleistocene","","2.58","0.774","67165"
"1420770","occ","","","197162","Canis familiaris","species","104153","Pleistocene","","2.58","0.0117","67192"
"1420771","occ","","","197163","Canis mosbachensis","species","366711","Middle Pleistocene","Holocene","0.774","0","67193"
"1422090","occ","","","197461","Canis lupus","species","44860","Late Pleistocene","","0.129","0.0117","9534"
"1425099","occ","","","197938","Canis lupus","species","44860","Late Pleistocene","","0.129","0.0117","67459"
"1425147","occ","","","197939","Canis mosbachensis","species","366711","Early Pleistocene","","2.58","0.774","67460"
"1425148","occ","","","197940","Canis etruscus","species","376900","Late Pliocene","","3.6","2.58","67461"
"1425153","occ","","","197944","Canis lupaster","species","471380","Early Pleistocene","","2.58","0.774","67465"
"1425299","occ","","","197957","Canis","genus","41198","Late Pleistocene","","0.129","0.0117","67484"
"1425302","occ","","","197960","Canis lupus","species","44860","Pleistocene","","2.58","0.0117","67487"
"1425303","occ","","","197961","Canis lupus","species","44860","Pleistocene","","2.58","0.0117","67488"
"1430168","occ","","","199170","Canis gezi","species","433187","Ensenadan","","1.7","0.3","67787"
"1434228","occ","","","187637","Canis","genus","41198","Middle Pleistocene","","0.774","0.129","68074"
"1434277","occ","","","200084","Canis","genus","41198","Early Pleistocene","","2.58","0.774","68076"
"1437892","occ","","","200622","Canis lupus","species","44860","Late Pleistocene","","0.129","0.0117","12687"
"1437893","occ","","","200485","Canis","genus","41198","Late Pleistocene","","0.129","0.0117","12687"
"1448707","occ","","","202122","Canis","genus","41198","Early Pleistocene","","2.58","0.774","69234"
"1460586","occ","","","203847","Canis lupus","species","44860","Late Pleistocene","","0.129","0.0117","69851"
"1465636","occ","39330","","197943","Canis","genus","41198","Early Pleistocene","","2.58","0.774","78892"
"1487198","occ","","","206955","Canis lepophagus","species","44856","Early Pleistocene","","2.58","0.774","71195"
"1487199","occ","","","79919","Canis","genus","41198","Irvingtonian","","1.4","0.21","71195"
"1487201","occ","","","77590","Canis latrans","species","44854","Pleistocene","","2.58","0.0117","71195"
"1487202","occ","","","206992","Canis latrans","species","44854","Rancholabrean","","0.21","0.014","71195"
"1487203","occ","","","80232","Canis latrans","species","44854","Late Pleistocene","","0.129","0.0117","71195"
"1490845","occ","36568","","85140","Canis","genus","41198","Pleistocene","","2.58","0.0117","71494"
"1491255","occ","","","207447","Canis","genus","41198","Pleistocene","","2.58","0.0117","71463"
"1498711","occ","","","208563","Canis lupus","species","44860","Late Pleistocene","","0.129","0.0117","72003"
"1498716","occ","","","208564","Canis","genus","41198","Late Pleistocene","","0.129","0.0117","72004"
"1498717","occ","","","208564","Canis lupus","species","44860","Late Pleistocene","","0.129","0.0117","72004"
"1498741","occ","","","208565","Canis lupus","species","44860","Late Pleistocene","","0.129","0.0117","72004"
"1500041","occ","","","208786","Canis aureus","species","104156","Holocene","","0.0117","0","72065"
"1500097","occ","","","208787","Canis aureus","species","104156","Holocene","","0.0117","0","72065"
"1500120","occ","","","208787","Canis lupus","species","44860","Holocene","","0.0117","0","72065"
"1515299","occ","","","195112","Canis latrans","species","44854","Rancholabrean","","0.21","0.014","73089"
"1519568","occ","","","192626","Canis latrans","species","44854","Pleistocene","","2.58","0.0117","69885"
"1519576","occ","","","212356","Canis lupus","species","44860","Pleistocene","","2.58","0.0117","69885"
"1520821","occ","","","189383","Canis","genus","41198","Late Pleistocene","","0.129","0.0117","73427"
"1534974","occ","","","215546","Canis lupus","species","44860","Holocene","","0.0117","0","74331"
"1561560","occ","","","220460","Canis lupus","species","44860","Holocene","","0.0117","0","77038"
"1568121","occ","","","205285","Canis lupus","species","44860","Late Pleistocene","","0.129","0.0117","77543"
"1568191","occ","","","221415","Canis lupus","species","44860","Late Pleistocene","","0.129","0.0117","77543"
"1568254","occ","","","221422","Canis lupus","species","44860","Middle Pleistocene","","0.774","0.129","77543"
"1568287","occ","","","221425","Canis lupus","species","44860","Middle Pleistocene","","0.774","0.129","77543"
"1570955","occ","","","221863","Canis familiaris","species","104153","Holocene","","0.0117","0","77810"
"1570970","occ","","","221863","Canis lupus","species","44860","Holocene","","0.0117","0","77810"
"1571805","occ","","","221970","Canis familiaris","species","104153","Holocene","","0.0117","0","77941"
"1586157","occ","","","34764","Canis etruscus","species","376900","Early Pleistocene","Pleistocene","2.58","0.0117","79089"
"1586576","occ","","","224189","Canis familiaris","species","104153","Holocene","","0.0117","0","79248"
"1593117","occ","","","225289","Canis latrans","species","44854","Rancholabrean","","0.21","0.014","81276"
"1594573","occ","","","197768","Canis lupus","species","44860","Late Pleistocene","","0.129","0.0117","81666"
"1596037","occ","","","225664","Canis","genus","41198","Pleistocene","","2.58","0.0117","81737"
"1606759","occ","","","227227","Canis","genus","41198","Late Pleistocene","","0.129","0.0117","1562"
"1607364","occ","","","227368","Canis familiaris","species","104153","Pleistocene","","2.58","0.0117","82811"
"1608100","occ","","","227461","Canis lupus","species","44860","Late Pleistocene","","0.129","0.0117","82866"
"1608578","occ","","","216271","Canis lupus","species","44860","Late Pleistocene","","0.129","0.0117","41113"
"1608579","occ","","","216271","Canis latrans","species","44854","Late Pleistocene","","0.129","0.0117","41113"
"1614785","occ","","","228443","Canis","genus","41198","Holocene","","0.0117","0","83301"
"1614828","occ","","","228444","Canis","genus","41198","Holocene","","0.0117","0","83302"
"1615106","occ","","","228492","Canis","genus","41198","Holocene","","0.0117","0","83338"
"1616344","occ","","","228756","Canis","genus","41198","Holocene","","0.0117","0","83574"
"1616367","occ","","","228757","Canis","genus","41198","Holocene","","0.0117","0","81667"
"1616425","occ","","","228765","Canis","genus","41198","Holocene","","0.0117","0","81667"
"1616427","occ","","","228766","Canis","genus","41198","Holocene","","0.0117","0","83579"
"1616733","occ","","","228844","Canis familiaris","species","104153","Holocene","","0.0117","0","83618"
"1616907","occ","","","228845","Canis","genus","41198","Holocene","","0.0117","0","83619"
"1617231","occ","","","228861","Canis","genus","41198","Holocene","","0.0117","0","83691"
"1617238","occ","","","228895","Canis","genus","41198","Holocene","","0.0117","0","81667"
"1617248","occ","","","228896","Canis","genus","41198","Holocene","","0.0117","0","83692"
"1617265","occ","","","228897","Canis","genus","41198","Holocene","","0.0117","0","81667"
"1617281","occ","","","228898","Canis","genus","41198","Holocene","","0.0117","0","83693"
"1617299","occ","","","228899","Canis","genus","41198","Holocene","","0.0117","0","81667"
"1617693","occ","","","160848","Canis","genus","41198","Holocene","","0.0117","0","83731"
"1617720","occ","","","228919","Canis","genus","41198","Holocene","","0.0117","0","83733"
"1617734","occ","","","228920","Canis","genus","41198","Holocene","","0.0117","0","83734"
"1617750","occ","","","228921","Canis familiaris","species","104153","Holocene","","0.0117","0","83735"
"1617844","occ","","","228924","Canis","genus","41198","Holocene","","0.0117","0","81667"
"1617855","occ","","","228926","Canis","genus","41198","Holocene","","0.0117","0","81667"
"1617883","occ","","","228927","Canis","genus","41198","Holocene","","0.0117","0","81667"
"1618277","occ","","","228928","Canis lupus","species","44860","Holocene","","0.0117","0","81667"
"1618278","occ","","","228928","Canis","genus","41198","Holocene","","0.0117","0","81667"
"1622315","occ","","","229484","Canis","genus","41198","Holocene","","0.0117","0","81667"
"1622356","occ","","","229489","Canis","genus","41198","Holocene","","0.0117","0","81667"
"1622674","occ","","","229538","Canis lupus","species","44860","Holocene","","0.0117","0","81667"
"1624694","occ","","","229885","Canis familiaris","species","104153","Holocene","","0.0117","0","81667"
"1624959","occ","","","229938","Canis familiaris","species","104153","Holocene","","0.0117","0","81667"
"1624970","occ","","","229939","Canis familiaris","species","104153","Holocene","","0.0117","0","81667"
"1624986","occ","","","229940","Canis familiaris","species","104153","Holocene","","0.0117","0","81667"
"1625004","occ","","","229942","Canis familiaris","species","104153","Holocene","","0.0117","0","81667"
"1625018","occ","","","229943","Canis familiaris","species","104153","Holocene","","0.0117","0","81667"
"1626418","occ","","","230224","Canis hewitti","species","475283","Late Pliocene","Pleistocene","3.6","0.0117","84766"
"1626772","occ","","","230277","Canis","genus","41198","Early Pleistocene","","2.58","0.774","84873"
"1627401","occ","","","230380","Canis lupus","species","44860","Late Pleistocene","","0.129","0.0117","85041"
"1629200","occ","","","230753","Canis latrans","species","44854","Late Pleistocene","","0.129","0.0117","85310"
"1629645","occ","","","183130","Canis lupus","species","44860","Holocene","","0.0117","0","85341"
"1629982","occ","","","140474","Canis vetulus","species","475050","Pleistocene","","2.58","0.0117","85380"
"1630051","occ","","","230876","Canis incertus","species","475127","Pleistocene","","2.58","0.0117","85380"
"1630172","occ","","","180202","Canis geismarianus","species","330897","Arikareean","","29.5","18.5","53289"
"1630542","occ","","","230980","Canis mosbachensis","species","366711","Middle Pleistocene","","0.774","0.129","85448"
"1630571","occ","","","230983","Canis lupus","species","44860","Late Pleistocene","","0.129","0.0117","85454"
"1630592","occ","","","230986","Canis aureus","species","104156","Middle Pleistocene","","0.774","0.129","85455"
"1630593","occ","","","230985","Canis aureus","species","104156","Middle Pleistocene","","0.774","0.129","85455"
"1630594","occ","","","230984","Canis aureus","species","104156","Late Pleistocene","","0.129","0.0117","85455"
"1630595","occ","","","122304","Canis aureus","species","104156","Holocene","","0.0117","0","85455"
"1630730","occ","","","190068","Canis longdanensis","species","433194","Early Pleistocene","","2.58","0.774","84314"
"1630738","occ","","","190068","Canis teilhardi","species","433193","Early Pleistocene","","2.58","0.774","84314"
"1630756","occ","","","181093","Canis michauxi","species","475373","Pliocene","","5.333","2.58","85487"
"1630757","occ","","","231014","Canis adoxus","species","475374","Pliocene","","5.333","2.58","85487"
"1630758","occ","","","44231","Canis senezensis","species","475375","Pliocene","Pleistocene","5.333","0.0117","85487"
"1630807","occ","","","231023","Canis chihliensis","species","433191","Late Pliocene","Early Pleistocene","3.6","0.774","85493"
"1630808","occ","","","231023","Canis palmidens","species","433192","Late Pliocene","Early Pleistocene","3.6","0.774","85493"
"1630916","occ","","","70673","Canis proplatensis","species","264379","Early Pleistocene","","2.58","0.774","85519"
"1631011","occ","","","231062","Canis gezi","species","433187","Ensenadan","","1.7","0.3","85524"
"1631013","occ","","","231063","Canis gezi","species","433187","Chapadmalalan","Ensenadan","3.7","0.3","85524"
"1631044","occ","","","231076","Canis variabilis","species","399955","Middle Pleistocene","","0.774","0.129","84320"
"1631046","occ","","","231076","Canis mosbachensis variabilis","subspecies","399954","Middle Pleistocene","","0.774","0.129","84320"
"1632192","occ","","","231229","Canis feneus","species","301915","Irvingtonian","","1.4","0.21","52058"
"1651631","occ","","","234512","Canis simensis","species","433177","Calabrian","","1.8","0.774","88177"
"1656053","occ","","","235090","Canis lupus","species","44860","Holocene","","0.0117","0","88547"
